const,GrLivArea,Neigh__2,Neigh__3,Neigh__4,Style__2Story,Style__Split,Qual__High,Qual__Medium,saleCond__Partial
1.0,-1.4090671781116821,1,0,0,0,0,0,1,0
1.0,-0.22670702893550854,1,0,0,0,0,0,1,0
1.0,0.38372328752454526,0,1,0,1,0,0,1,0
1.0,0.33734013737385216,0,1,0,1,0,0,1,0
1.0,-0.3393723742229885,0,0,1,0,0,1,0,0
1.0,0.4312126734740882,0,1,0,1,0,0,1,0
1.0,-0.5655954655842003,0,1,0,0,0,0,1,0
1.0,0.06548820964990788,0,1,0,1,0,0,1,0
1.0,-0.1997488725039452,0,1,0,0,0,0,1,0
1.0,-1.4562976772114344,1,0,0,0,0,0,0,0
1.0,-0.20870802691720275,1,0,0,0,0,0,1,0
1.0,-1.1189678017378246,0,0,0,1,0,0,1,0
1.0,-0.8157729943974942,0,0,0,1,0,0,1,0
1.0,0.04700703347702076,1,0,0,1,0,0,1,0
1.0,-1.6169384442342787,1,0,0,0,0,0,1,0
1.0,1.4622421498849805,0,0,1,1,0,1,0,1
1.0,0.22300323967614158,0,0,1,0,0,1,0,1
1.0,0.5081391768806944,0,0,1,0,0,1,0,0
1.0,0.7195250918203021,0,0,1,0,0,1,0,0
1.0,1.894665713825315,0,0,1,0,0,1,0,0
1.0,1.3523161119064901,0,0,1,1,0,1,0,0
1.0,-0.13558326259754655,0,0,1,0,0,1,0,0
1.0,-0.23801150786644898,0,1,0,0,0,0,1,0
1.0,-0.6736355683413284,0,1,0,0,0,0,1,0
1.0,-0.1268395983589492,0,1,0,0,1,0,1,0
1.0,0.5693290667835109,0,1,0,1,0,0,1,0
1.0,1.638158461718133,0,0,1,1,0,1,0,0
1.0,0.32046502415094774,0,0,1,0,0,1,0,0
1.0,-0.488276159567007,0,0,1,0,0,0,1,1
1.0,0.07162337996442708,0,0,1,0,0,0,1,0
1.0,0.4384524469585274,1,0,0,1,0,0,1,0
1.0,-1.0439495155365006,1,0,0,0,0,0,1,0
1.0,0.12427560497496885,0,0,0,0,0,0,1,0
1.0,1.4814547377524703,0,0,1,1,0,1,0,0
1.0,1.3188065486607068,0,0,1,1,0,1,0,0
1.0,0.11220687758372479,0,0,1,0,0,0,1,0
1.0,0.4761771545517741,0,0,1,1,0,0,1,0
1.0,-0.5329282207569662,0,0,1,1,0,0,1,0
1.0,-0.5329282207569662,0,0,1,1,0,0,1,0
1.0,-0.44427916451043475,0,0,1,1,0,0,1,0
1.0,0.16019309665963852,0,0,1,1,0,0,1,0
1.0,-0.8489122786490991,0,0,1,1,0,0,1,0
1.0,-0.03230506172741096,0,0,1,0,0,1,0,1
1.0,0.7620195043634171,0,0,1,1,0,1,0,0
1.0,0.12025808969297033,0,0,1,0,0,0,1,0
1.0,0.7310252554415727,0,1,0,0,0,0,1,0
1.0,1.6622960142206027,0,1,0,1,0,0,1,0
1.0,0.8310036703722777,0,1,0,1,0,0,1,0
1.0,0.4130364074772275,0,1,0,1,0,0,1,0
1.0,-0.454000646959502,1,0,0,0,0,0,1,0
1.0,-0.5105190900250063,1,0,0,0,0,0,1,0
1.0,0.15622344060750373,1,0,0,0,0,0,1,0
1.0,0.6411461459781824,1,0,0,0,1,0,1,0
1.0,0.560663719207795,1,0,0,0,0,0,1,0
1.0,1.621145836708436,1,0,0,1,0,0,1,0
1.0,0.24622199856206145,1,0,0,1,0,0,1,0
1.0,-0.718497179189668,1,0,0,0,1,0,1,0
1.0,0.33734013737385216,1,0,0,0,0,0,1,0
1.0,0.09603931977997766,1,0,0,0,0,0,1,0
1.0,-0.6788787072808202,1,0,0,0,0,0,1,0
1.0,-0.5179702111484907,1,0,0,0,0,0,1,0
1.0,0.29212709952430466,1,0,0,0,0,0,1,0
1.0,-0.20870802691720275,1,0,0,1,0,0,0,0
1.0,-0.8936754187371815,1,0,0,0,0,0,1,0
1.0,-1.1648963365412348,1,0,0,0,0,0,1,0
1.0,-1.115930763797756,1,0,0,0,0,0,1,0
1.0,-1.125051119664417,1,0,0,0,0,0,0,0
1.0,-0.4735386620508,1,0,0,1,0,0,1,0
1.0,-0.5960689678315129,1,0,0,0,0,0,1,0
1.0,-0.08134896895025295,1,0,0,0,0,0,1,0
1.0,0.755520965072036,0,0,0,1,0,0,0,0
1.0,-1.2780823997238553,0,0,0,0,0,0,1,0
1.0,-0.18636012388578882,0,0,0,0,0,0,1,0
1.0,-0.4081017088235592,0,0,0,1,0,0,1,0
1.0,0.39107847136938434,0,0,0,1,0,0,1,0
1.0,-0.4225203650074131,0,0,0,1,0,0,1,0
1.0,-1.6313225231722568,0,0,0,0,0,0,0,0
1.0,0.2654345864295511,0,0,0,1,0,1,0,0
1.0,1.3762132479825577,0,0,0,1,0,1,0,0
1.0,1.3603030000077632,0,0,0,1,0,0,1,0
1.0,0.0757065320036176,0,0,0,1,0,0,1,0
1.0,0.35226093784950857,0,0,0,1,0,0,1,0
1.0,1.099349379837027,0,0,0,1,0,0,1,0
1.0,-1.8831146599076969,0,0,0,0,0,0,0,0
1.0,-0.707880974442222,0,0,0,1,0,0,1,0
1.0,-0.5429418350999805,0,0,0,1,0,0,1,0
1.0,0.04082124638989064,0,0,0,1,0,0,1,0
1.0,-0.036538054257276124,0,0,0,1,0,0,1,0
1.0,-0.9620983418317196,0,0,0,1,0,0,1,0
1.0,0.20742359575939348,0,0,0,1,0,0,1,0
1.0,-0.8824218418948824,0,0,0,0,0,0,1,0
1.0,0.9415452798878104,0,0,0,1,0,0,0,0
1.0,0.2539218094911995,0,0,0,1,0,0,1,0
1.0,-0.23801150786644898,0,0,0,1,0,0,1,0
1.0,0.4672380280841794,0,1,0,0,0,0,1,0
1.0,-0.4735386620508,0,1,0,1,0,0,1,0
1.0,-0.08780553701885047,1,0,0,1,0,0,1,0
1.0,-1.3330535021128282,1,0,0,1,0,0,1,0
1.0,0.8198812613505896,1,0,0,1,0,0,0,0
1.0,0.4761771545517741,1,0,0,1,0,0,1,0
1.0,0.7359404295155657,0,0,0,0,0,0,0,0
1.0,-1.4224858792874224,0,0,0,0,0,0,1,0
1.0,-1.518136459989639,0,0,0,0,0,0,1,0
1.0,-0.12902312572844776,0,0,0,0,1,0,1,0
1.0,0.013867749225415737,0,0,0,1,0,0,1,0
1.0,0.10211237222886475,0,1,0,0,0,0,1,0
1.0,-1.9186070825377928,0,0,0,0,0,0,0,0
1.0,0.9704485822070555,0,1,0,1,0,0,1,0
1.0,0.3485376913011339,0,0,0,1,0,0,0,0
1.0,-0.865620258962558,0,0,0,0,0,0,1,0
1.0,0.1976450585358804,0,0,0,1,0,0,0,0
1.0,-0.6037359716906293,0,0,0,0,0,0,1,0
1.0,0.15224852324693336,0,0,0,0,0,0,1,1
1.0,-0.29749167442801505,0,0,0,0,0,0,1,0
1.0,-0.0007466360923582342,1,0,0,0,0,0,1,0
1.0,0.6864223858882521,1,0,0,1,0,0,1,0
1.0,-0.4784431189238843,0,1,0,0,0,0,1,0
1.0,0.024263165905657115,1,0,0,1,0,0,1,0
1.0,-1.1865727581807552,0,1,0,0,1,0,1,0
1.0,0.49752297213324836,0,1,0,1,0,0,1,0
1.0,-1.0027447006151382,0,1,0,0,0,0,1,0
1.0,-1.4767692564221864,0,1,0,0,0,0,1,0
1.0,0.9659033809690218,0,1,0,0,0,1,0,0
1.0,1.1425437132754168,0,1,0,1,0,0,1,0
1.0,-1.5741955633735034,0,1,0,0,0,0,1,0
1.0,-2.4181725534204226,0,0,0,0,0,0,0,0
1.0,-1.1038132737391944,0,0,0,0,0,0,1,0
1.0,-0.5429418350999805,0,0,0,0,0,0,1,0
1.0,-0.739842996771145,0,0,0,1,0,0,0,0
1.0,-0.8048074439380837,0,0,0,0,1,0,1,0
1.0,-1.2021524020975034,0,0,0,0,0,0,0,0
1.0,-0.3021163086667199,1,0,0,0,0,0,1,0
1.0,-1.5460350305612742,1,0,0,0,0,0,1,0
1.0,1.843052978505005,1,0,0,1,0,0,0,0
1.0,0.4510801486019168,1,0,0,1,0,0,1,0
1.0,1.1921631929550882,0,1,0,1,0,0,1,0
1.0,1.2533993283466498,0,1,0,1,0,0,1,0
1.0,0.42577135106908226,0,1,0,0,1,0,1,0
1.0,-0.979450799360407,1,0,0,0,0,1,0,0
1.0,-0.5555060541861461,1,0,0,0,0,1,0,0
1.0,-2.9277124578465332,0,0,0,0,0,0,0,0
1.0,-0.7748572887171632,0,0,0,1,0,0,1,0
1.0,-1.2272494080473606,0,0,0,0,0,0,0,0
1.0,0.41485899927414555,0,1,0,0,0,1,0,0
1.0,0.8703931873261527,1,0,0,1,0,1,0,0
1.0,-0.32768006035084846,1,0,0,0,1,0,1,0
1.0,1.0702036236339083,1,0,0,0,0,0,1,0
1.0,-0.18858743532089547,0,0,1,0,0,0,1,0
1.0,-0.49814154579679837,0,0,1,0,0,0,1,1
1.0,0.022186963185473106,0,0,1,1,0,0,1,0
1.0,-0.37709708181623247,1,0,0,0,0,0,1,0
1.0,-0.007031810679539405,1,0,0,0,0,0,1,0
1.0,-0.19304702678876304,1,0,0,0,0,0,1,0
1.0,-1.2493829011972557,0,0,0,0,0,0,1,0
1.0,-0.8157729943974942,0,0,0,1,0,0,0,0
1.0,-0.8157729943974942,0,0,0,1,0,0,0,0
1.0,-0.8157729943974942,0,0,0,1,0,0,0,0
1.0,-1.4836242873141827,1,0,0,0,0,0,1,0
1.0,-1.6277200305955146,1,0,0,0,0,0,1,0
1.0,1.585595383008409,1,0,0,1,0,0,1,0
1.0,-0.3534635890711358,1,0,0,1,0,0,1,0
1.0,0.094012233045471,1,0,0,1,0,0,1,0
1.0,0.6880862276560482,1,0,0,0,0,1,0,0
1.0,0.678089302701205,1,0,0,1,0,0,1,0
1.0,-1.4562976772114344,1,0,0,0,0,0,1,0
1.0,0.001345498425358917,1,0,0,0,0,0,1,0
1.0,0.34480981672602423,0,1,0,1,0,0,1,0
1.0,1.3959830935311686,0,1,0,1,0,1,0,0
1.0,0.3818816695916207,0,1,0,0,1,0,1,0
1.0,1.6945765798666186,0,0,1,0,0,1,0,0
1.0,0.09198377526808892,0,0,1,0,0,1,0,0
1.0,0.5710591358880364,0,0,1,0,0,1,0,0
1.0,-0.109428375526014,0,1,0,0,1,0,1,0
1.0,0.3965830456455466,0,1,0,1,0,0,1,0
1.0,0.1681166804219712,0,1,0,1,0,0,1,0
1.0,-0.5580252267068235,0,1,0,0,0,0,1,0
1.0,0.8984366876436541,0,1,0,1,0,0,1,0
1.0,1.0731309783900218,0,1,0,1,0,0,1,0
1.0,0.4600674933843442,0,1,0,0,0,0,1,0
1.0,1.8689703738083794,0,1,0,1,0,0,1,0
1.0,0.523993353235369,0,1,0,0,0,0,1,0
1.0,0.8198812613505896,0,0,1,1,0,0,1,0
1.0,0.8039202087255729,0,0,1,1,0,1,0,0
1.0,0.7013638352182646,0,0,1,1,0,1,0,0
1.0,0.36895858221081235,0,1,0,0,0,0,1,0
1.0,-0.7505731502907901,0,1,0,0,0,0,1,0
1.0,-0.5504740484594556,0,1,0,0,0,0,1,0
1.0,-0.5833340242396581,1,0,0,0,0,0,1,0
1.0,-0.9333988433051227,1,0,0,0,0,0,1,0
1.0,-1.518136459989639,1,0,0,0,0,0,0,0
1.0,-1.518136459989639,1,0,0,0,0,0,0,0
1.0,-1.1189678017378246,0,0,0,1,0,0,1,0
1.0,-1.1189678017378246,0,0,0,1,0,0,1,0
1.0,0.2307628163451498,1,0,0,1,0,0,1,0
1.0,-0.9191514307168007,1,0,0,0,0,0,1,0
1.0,0.04700703347702076,1,0,0,1,0,0,1,0
1.0,0.2307628163451498,1,0,0,1,0,0,1,0
1.0,0.04700703347702076,1,0,0,1,0,0,1,0
1.0,-1.6169384442342787,1,0,0,0,0,0,1,0
1.0,-0.739842996771145,1,0,0,0,0,0,1,0
1.0,1.9780396556863362,0,0,1,1,0,1,0,0
1.0,1.8879837770630283,0,0,1,1,0,1,0,1
1.0,1.02891777407125,0,0,1,0,0,1,0,0
1.0,1.8700921522802312,0,0,1,0,0,1,0,0
1.0,0.5745162829100858,0,0,1,0,0,1,0,0
1.0,0.6529502224854603,0,0,1,0,0,1,0,0
1.0,1.6921973058746933,0,0,1,1,0,1,0,0
1.0,0.5865850103013273,0,0,1,0,0,1,0,0
1.0,0.1976450585358804,0,0,1,0,0,1,0,0
1.0,0.696391618479131,0,0,1,0,0,1,0,0
1.0,0.6156941569291917,0,0,1,0,0,0,1,0
1.0,1.6101579667396322,0,0,1,0,0,1,0,0
1.0,1.5458719584404679,0,0,1,1,0,1,0,0
1.0,0.3410773026045087,0,0,1,0,0,1,0,0
1.0,-0.16196825427023828,0,0,1,0,0,0,1,0
1.0,-0.2790641220774044,0,0,1,0,0,0,1,0
1.0,-0.16196825427023828,0,0,1,0,0,0,1,0
1.0,1.65868774262891,0,0,1,0,0,1,0,0
1.0,1.284918338269729,0,0,1,0,0,1,0,0
1.0,0.8198812613505896,0,0,1,0,0,1,0,1
1.0,0.04700703347702076,0,0,1,0,0,1,0,0
1.0,0.5327651486361598,0,0,1,0,0,1,0,0
1.0,-0.059926915658876215,0,0,1,0,0,0,1,0
1.0,0.04700703347702076,0,1,0,1,0,0,1,0
1.0,0.1162351853881904,0,1,0,1,0,0,1,0
1.0,-0.48335560930895044,0,1,0,0,0,0,1,0
1.0,-0.1268395983589492,0,1,0,0,1,0,1,0
1.0,0.3855637752837667,0,1,0,1,0,0,1,0
1.0,0.31858413684594533,0,1,0,1,0,0,1,0
1.0,0.11422170783050296,0,1,0,1,0,0,1,0
1.0,-0.19751325949730744,0,1,0,1,0,0,1,0
1.0,1.005068147713277,0,1,0,1,0,1,0,0
1.0,-0.1268395983589492,0,1,0,0,1,0,1,0
1.0,0.16415750531295356,0,1,0,1,0,0,1,0
1.0,-0.007031810679539405,0,1,0,0,1,0,1,0
1.0,1.433839163762554,0,1,0,1,0,0,1,0
1.0,-0.007031810679539405,0,1,0,0,1,0,1,0
1.0,1.884637217620158,0,0,1,1,0,1,0,0
1.0,1.0920894520373414,0,0,1,0,0,1,0,0
1.0,1.08918055296397,0,0,1,1,0,0,1,0
1.0,1.3282270289066438,0,0,1,1,0,1,0,0
1.0,0.5046046158239307,0,0,1,0,0,1,0,0
1.0,0.43664414138096674,0,0,1,0,0,1,0,0
1.0,0.5151958265117194,0,0,1,0,0,1,0,0
1.0,-0.0028402310880430836,0,0,1,0,0,1,0,0
1.0,1.656279814190021,0,0,1,0,0,1,0,0
1.0,0.005525394167515368,0,0,1,0,0,0,1,1
1.0,-0.06633748035730752,0,0,1,0,0,0,1,0
1.0,0.1956855192897372,0,0,1,0,0,1,0,0
1.0,0.030483164076141035,0,0,1,0,0,1,0,0
1.0,0.6747495755080526,0,0,1,1,0,1,0,0
1.0,0.7424814892721191,0,0,1,0,0,1,0,1
1.0,0.4438708309247511,0,0,1,0,0,0,1,0
1.0,0.24043413949416054,0,0,1,0,0,0,1,0
1.0,0.4275862223556476,0,0,1,1,0,0,1,0
1.0,-0.488276159567007,1,0,0,0,0,0,1,0
1.0,-0.684131028604927,1,0,0,0,0,0,1,0
1.0,-0.639776788198376,1,0,0,0,0,0,1,0
1.0,0.703019410589883,1,0,0,1,0,0,1,0
1.0,0.16019309665963852,1,0,0,0,0,1,0,0
1.0,-0.7559526579385722,1,0,0,0,0,0,1,0
1.0,-0.7559526579385722,1,0,0,0,0,0,1,0
1.0,-0.7559526579385722,1,0,0,0,0,0,1,0
1.0,0.03462267433930476,1,0,0,0,0,0,1,1
1.0,1.1766567791840314,1,0,0,1,0,0,1,0
1.0,0.5641328632724969,1,0,0,1,0,0,1,0
1.0,-0.21994473811215529,1,0,0,0,0,0,1,0
1.0,0.21522353438103517,1,0,0,1,0,0,1,0
1.0,-0.07061881543060783,1,0,0,1,0,0,1,0
1.0,0.816695839161026,1,0,0,1,0,0,1,0
1.0,-1.1403136193193015,0,0,0,0,0,0,1,0
1.0,-1.518136459989639,0,0,0,0,0,0,1,0
1.0,-1.518136459989639,0,0,0,0,0,0,1,0
1.0,-1.0203346320331819,0,0,0,0,0,0,1,0
1.0,-1.3559848240635426,0,0,0,0,0,0,1,0
1.0,-1.3559848240635426,0,0,0,0,0,0,1,0
1.0,1.0199963751984287,0,0,1,0,0,1,0,0
1.0,0.6071619329396011,0,0,1,1,0,0,1,0
1.0,2.2200904368710974,0,0,1,1,0,0,1,0
1.0,0.5571905576041942,0,0,1,0,0,0,1,1
1.0,-0.39613888997232954,0,0,1,0,0,0,1,0
1.0,0.16019309665963852,0,0,1,1,0,0,1,0
1.0,0.03875647886631979,0,0,1,1,0,0,1,0
1.0,0.5010658841926782,0,0,1,0,0,1,0,0
1.0,0.5814186443216867,0,0,1,0,0,0,1,0
1.0,1.6671002999248359,0,0,1,0,1,1,0,0
1.0,1.097898799538116,0,1,0,1,0,0,1,0
1.0,1.8317143082521108,0,1,0,1,0,0,1,0
1.0,-0.2109520036096422,0,1,0,0,0,0,1,0
1.0,-0.49320479618902496,0,1,0,0,0,0,1,0
1.0,1.4025441871773574,0,1,0,1,0,0,1,0
1.0,-1.518136459989639,1,0,0,0,0,0,1,0
1.0,0.2692623785375953,1,0,0,0,0,0,1,0
1.0,1.08918055296397,0,1,0,1,0,0,1,0
1.0,-0.24708587094532322,0,1,0,0,1,0,1,0
1.0,-1.4157690238268643,1,0,0,0,0,0,0,0
1.0,-1.518136459989639,1,0,0,0,0,0,1,0
1.0,-0.15314743994231975,1,0,0,0,0,0,0,0
1.0,0.560663719207795,1,0,0,0,0,0,1,0
1.0,-0.26303237487801817,1,0,0,0,0,0,1,0
1.0,-0.3113870261247035,1,0,0,0,0,0,1,0
1.0,1.2019893299766968,1,0,0,1,0,0,1,0
1.0,0.28452487819247985,1,0,0,0,1,0,1,0
1.0,-1.2021524020975034,1,0,0,0,0,0,1,0
1.0,0.49574994535413053,1,0,0,0,0,0,1,0
1.0,0.04082124638989064,1,0,0,0,0,0,1,0
1.0,0.2673490931715713,1,0,0,0,0,0,1,0
1.0,-0.6762559920200766,1,0,0,0,0,0,1,0
1.0,-0.22670702893550854,1,0,0,0,0,0,1,0
1.0,-1.115930763797756,1,0,0,0,0,0,1,0
1.0,-0.527933923666871,1,0,0,0,0,0,1,0
1.0,-0.109428375526014,1,0,0,0,0,0,1,0
1.0,-0.5329282207569662,1,0,0,0,0,0,0,0
1.0,0.7910899230202915,1,0,0,0,0,0,1,0
1.0,-0.899318082131791,1,0,0,0,0,0,1,0
1.0,-0.7613418322719634,1,0,0,0,0,0,1,0
1.0,-1.7753057582582215,1,0,0,0,0,0,1,0
1.0,-0.9881648240174381,1,0,0,0,0,0,1,0
1.0,-0.5080394911160622,1,0,0,0,0,0,1,0
1.0,0.189799207862285,1,0,0,1,0,0,1,0
1.0,-0.5329282207569662,1,0,0,0,0,0,1,0
1.0,-1.7790900801603753,0,0,0,0,0,0,0,0
1.0,-0.1752483115835538,0,0,0,1,0,0,1,0
1.0,-0.9649834548098991,0,0,0,1,0,0,0,0
1.0,-0.8544712695076585,0,0,0,0,0,0,1,0
1.0,1.5169922216428635,0,0,0,1,0,0,0,0
1.0,0.4939758697569834,0,0,0,1,0,0,1,0
1.0,-2.616731027819148,0,0,0,0,0,0,0,0
1.0,-1.5812772070641856,0,0,0,0,0,0,1,0
1.0,-2.0441775048581294,0,0,0,0,0,0,0,0
1.0,1.7206247671468498,1,0,0,1,0,0,1,0
1.0,-0.11377171402522719,1,0,0,0,0,0,1,0
1.0,-0.9620983418317196,1,0,0,0,0,0,1,0
1.0,-1.2304013523306783,1,0,0,0,0,0,1,0
1.0,-0.7802805717673981,1,0,0,0,0,0,1,0
1.0,-0.6815037181350799,1,0,0,0,0,0,1,0
1.0,-0.705232784681171,1,0,0,1,0,0,1,0
1.0,-0.959216001667977,1,0,0,0,0,0,1,0
1.0,-2.015359818524005,1,0,0,0,0,0,1,0
1.0,-0.5757189341317104,1,0,0,0,1,0,1,0
1.0,0.05728841039416241,1,0,0,1,0,0,0,0
1.0,0.12628234624055662,1,0,0,1,0,0,1,0
1.0,0.6930722216715082,1,0,0,1,0,0,1,0
1.0,-1.262104340036408,1,0,0,0,1,0,1,0
1.0,-0.9477142628937416,1,0,0,0,0,0,1,0
1.0,-0.11812135178480045,0,0,0,1,0,0,1,0
1.0,0.9139038426561993,0,0,0,1,0,0,1,0
1.0,-0.2790641220774044,0,0,0,1,0,0,1,0
1.0,0.06344036067342883,0,0,0,1,0,0,1,0
1.0,0.2500743750834482,0,0,0,1,0,0,1,0
1.0,0.5134332201080427,0,0,0,1,0,0,0,0
1.0,0.028411264367121238,0,0,0,1,0,0,1,0
1.0,-0.22896451847343538,0,0,0,1,0,0,1,0
1.0,-1.5285680347137238,0,0,0,0,0,0,0,0
1.0,-2.552338841248234,0,0,0,0,0,0,0,0
1.0,-1.7790900801603753,0,0,0,0,0,0,1,0
1.0,0.15622344060750373,0,0,0,1,0,0,0,0
1.0,1.0095544233584133,0,0,0,1,0,0,1,0
1.0,-0.3206864900394033,0,0,0,1,0,0,1,0
1.0,-1.6895588133737192,0,0,0,0,0,0,0,0
1.0,0.09603931977997766,0,0,0,1,0,0,1,0
1.0,0.17799181186484775,0,0,0,1,0,0,1,0
1.0,-1.7602160423514888,0,0,0,0,0,0,0,0
1.0,-0.0028402310880430836,0,0,0,0,0,0,1,0
1.0,0.42939999604838347,0,0,0,1,0,0,1,0
1.0,-0.6815037181350799,0,0,0,1,0,0,1,0
1.0,-1.0947571781527865,0,0,0,0,0,0,1,0
1.0,0.2959209959309745,0,0,0,1,0,0,1,0
1.0,-0.8712103345968949,0,0,0,0,0,0,1,0
1.0,0.6292954260894987,0,0,0,1,0,0,1,0
1.0,0.9139038426561993,0,0,0,1,0,0,1,0
1.0,1.1851247604602526,0,0,0,1,0,0,1,0
1.0,0.8922274210166787,0,0,0,1,0,0,1,0
1.0,-0.013330184803021193,0,0,0,1,0,0,1,0
1.0,0.7878737568037312,0,0,0,1,0,0,1,0
1.0,0.4510801486019168,0,0,0,1,0,0,1,0
1.0,-1.4224858792874224,0,0,0,0,1,0,0,0
1.0,-0.06419910257721143,0,0,0,1,0,0,1,0
1.0,-2.1323302036087797,0,0,0,0,0,0,0,0
1.0,-0.5329282207569662,0,0,0,0,0,0,1,0
1.0,-0.6553564321151214,0,0,0,0,1,0,1,0
1.0,-0.7613418322719634,0,0,0,1,0,0,1,0
1.0,-0.9276917536485034,0,0,0,0,0,0,1,0
1.0,-0.979450799360407,0,0,0,0,1,0,1,0
1.0,0.6394560502955117,0,0,0,0,1,0,1,0
1.0,-0.6920267980875502,0,0,0,0,1,0,1,0
1.0,1.1036969158139096,0,1,0,0,1,0,1,0
1.0,-2.325886050142757,0,0,0,0,0,0,0,0
1.0,-0.10725906280247884,0,0,0,0,0,0,0,0
1.0,-0.8684139943388034,0,0,0,0,0,0,1,0
1.0,0.4020775351998334,0,0,0,1,0,0,1,0
1.0,-0.8240235490081951,0,0,0,0,0,0,1,0
1.0,-0.9362564659220172,0,0,0,0,0,0,1,0
1.0,-0.9021434000134025,1,0,0,0,1,0,1,0
1.0,-0.20646572796450588,1,0,0,0,1,0,1,0
1.0,0.811911353100521,1,0,0,1,0,0,1,0
1.0,1.022973124534156,1,0,0,1,0,0,1,0
1.0,1.3228475212588617,1,0,0,1,0,0,1,0
1.0,0.20547043729926373,1,0,0,0,0,0,1,0
1.0,-0.4613124946516727,1,0,0,0,1,0,1,0
1.0,0.16217595604395393,1,0,0,0,0,0,1,0
1.0,1.9942246637180796,1,0,0,1,0,0,1,0
1.0,1.9942246637180796,1,0,0,1,0,0,1,0
1.0,1.9942246637180796,1,0,0,1,0,0,1,0
1.0,0.4761771545517741,0,1,0,0,0,1,0,1
1.0,0.5467468742372827,0,1,0,0,0,1,0,0
1.0,0.07162337996442708,0,1,0,0,0,1,0,0
1.0,0.7457466770846057,0,1,0,0,0,1,0,0
1.0,-0.31603315363723217,0,1,0,0,0,0,1,0
1.0,-0.40091829291135966,0,1,0,0,0,1,0,0
1.0,0.13229452608800318,0,1,0,0,0,1,0,0
1.0,-0.02385695836783094,0,1,0,1,0,0,1,0
1.0,0.6139896529279096,0,1,0,1,0,0,1,0
1.0,-1.1098658988198382,0,1,0,0,0,0,1,0
1.0,0.061391112414998714,0,1,0,0,0,0,1,0
1.0,0.6360729989390064,0,1,0,1,0,0,1,0
1.0,0.022186963185473106,0,1,0,0,0,0,1,0
1.0,0.12025808969297033,0,1,0,0,0,0,1,0
1.0,-1.372472357119779,0,1,0,0,0,0,1,0
1.0,-1.3494151068481672,0,1,0,0,0,0,1,0
1.0,0.35039989236035846,0,1,0,0,0,0,1,0
1.0,1.26302718479994,0,1,0,1,0,1,0,0
1.0,0.55545246731531,0,1,0,1,0,0,1,0
1.0,0.7975119269935158,0,1,0,1,0,0,1,0
1.0,0.16217595604395393,0,1,0,0,0,1,0,0
1.0,0.7293850723492669,0,1,0,0,0,1,0,0
1.0,-0.03442081116932224,0,1,0,0,0,0,1,0
1.0,0.33359830942803403,0,1,0,0,0,1,0,0
1.0,-0.0791998648027337,0,1,0,1,0,0,1,0
1.0,-0.6631767095827874,0,0,0,0,0,0,0,0
1.0,-0.8712103345968949,0,0,0,0,1,0,1,0
1.0,-1.4767692564221864,0,0,0,0,0,0,0,0
1.0,-0.13996467274062338,0,0,0,0,0,0,1,0
1.0,0.47260470063378823,0,0,0,0,0,0,1,0
1.0,0.2539218094911995,0,0,0,0,0,0,1,0
1.0,-0.29749167442801505,0,0,0,1,0,0,1,0
1.0,-0.3676213244561633,1,0,0,1,0,0,1,0
1.0,-0.42975577191736014,1,0,0,1,0,0,1,0
1.0,-0.454000646959502,0,1,0,0,0,0,1,0
1.0,-0.46375374404127345,0,1,0,1,0,0,1,0
1.0,0.2673490931715713,0,1,0,1,0,0,1,0
1.0,-0.3558185752223942,0,1,0,0,0,0,1,0
1.0,1.644211086798777,0,1,0,1,0,0,1,0
1.0,-0.7613418322719634,0,1,0,0,0,0,1,0
1.0,0.25584367736185515,0,1,0,0,0,0,1,0
1.0,0.18193277788466913,0,1,0,1,0,0,1,0
1.0,0.8546994063049275,0,1,0,0,0,0,1,0
1.0,-0.9852573349777694,1,0,0,1,0,0,1,0
1.0,-0.4613124946516727,1,0,0,1,0,0,1,0
1.0,-0.4613124946516727,1,0,0,1,0,0,1,0
1.0,0.9719621198165337,0,1,0,0,1,0,1,0
1.0,1.501813405389463,0,1,0,0,0,0,1,0
1.0,1.2409750655212348,0,0,0,1,0,0,1,0
1.0,-2.7550561712175106,0,0,0,0,0,0,0,0
1.0,0.4185008633640828,0,1,0,0,0,1,0,1
1.0,-1.7116923065236167,0,0,0,0,0,0,0,0
1.0,1.0760554785822958,1,0,0,1,0,1,0,0
1.0,-1.3102961864493592,1,0,0,0,1,0,1,0
1.0,-0.32301586857167236,1,0,0,0,1,0,1,0
1.0,0.32046502415094774,1,0,0,0,0,0,1,0
1.0,1.0525792357367998,0,0,1,0,0,1,0,0
1.0,0.4057349438354618,0,0,1,0,0,1,0,0
1.0,1.3349378724083165,0,0,1,1,0,0,1,0
1.0,0.094012233045471,0,0,1,0,1,0,1,0
1.0,1.0199963751984287,0,0,1,1,0,0,1,0
1.0,0.9659033809690218,0,0,1,0,0,1,0,0
1.0,-1.055827054663278,1,0,0,0,0,0,1,0
1.0,-0.06206224840093607,1,0,0,0,0,0,1,0
1.0,-1.7639813594933238,1,0,0,0,1,0,1,0
1.0,-0.818520658089025,1,0,0,0,1,0,1,0
1.0,-1.4528992919078296,1,0,0,0,1,0,1,0
1.0,-0.32301586857167236,1,0,0,1,0,0,1,0
1.0,0.38924136582371494,1,0,0,1,0,0,1,0
1.0,0.33734013737385216,0,1,0,1,0,0,1,0
1.0,0.0757065320036176,0,1,0,1,0,0,1,0
1.0,0.33734013737385216,0,1,0,1,0,0,1,0
1.0,0.3965830456455466,0,1,0,1,0,0,1,0
1.0,-0.10509131806804026,0,1,0,0,0,0,1,0
1.0,0.4797453580774205,0,0,1,0,0,1,0,0
1.0,-0.3393723742229885,0,0,1,0,0,1,0,0
1.0,0.39107847136938434,0,1,0,1,0,0,1,0
1.0,0.5275051507203893,0,1,0,1,0,0,1,0
1.0,-0.20870802691720275,0,0,1,0,0,1,0,0
1.0,1.668300169798623,0,0,1,1,0,1,0,0
1.0,0.8198812613505896,0,0,1,0,0,1,0,0
1.0,0.08385619655528526,0,1,0,0,0,0,1,0
1.0,0.5292595085999138,0,0,1,0,0,1,0,0
1.0,0.11220687758372479,0,1,0,0,0,0,1,0
1.0,0.4904245671400962,0,1,0,0,0,0,1,0
1.0,-0.3866028733227408,0,1,0,0,0,0,1,0
1.0,1.0935428442196646,0,1,0,0,0,0,1,0
1.0,0.6529502224854603,0,1,0,0,0,0,1,0
1.0,-0.5055619406161967,0,1,0,0,0,0,1,0
1.0,1.064340328101606,0,1,0,1,0,0,1,0
1.0,-0.27447487143510607,0,1,0,1,0,0,1,0
1.0,2.0507221438350793,0,1,0,1,0,0,1,0
1.0,0.022186963185473106,0,1,0,0,0,0,1,0
1.0,1.469941960814116,0,1,0,1,0,1,0,0
1.0,0.6697330010857518,1,0,0,1,0,0,1,0
1.0,-1.2780823997238553,1,0,0,0,0,0,0,0
1.0,-1.518136459989639,1,0,0,0,0,0,1,0
1.0,-1.1189678017378246,0,0,0,1,0,0,1,0
1.0,-1.1189678017378246,0,0,0,1,0,0,1,0
1.0,-0.28826374496443175,0,0,0,1,0,0,1,0
1.0,0.04700703347702076,1,0,0,1,0,0,1,0
1.0,-0.9191514307168007,1,0,0,0,0,0,1,0
1.0,0.2959209959309745,0,0,1,0,0,1,0,1
1.0,1.624799532237932,0,0,1,0,0,1,0,0
1.0,0.9231459908317368,0,0,1,0,0,1,0,0
1.0,1.9519605808384848,0,0,1,1,0,1,0,0
1.0,1.997451210247181,0,0,1,1,0,1,0,0
1.0,1.4583848185371222,0,0,1,1,0,1,0,0
1.0,1.1282146143040659,0,0,1,1,0,1,0,0
1.0,1.4596711469761108,0,0,1,1,0,1,0,0
1.0,1.6320935967402126,0,0,1,0,0,1,0,0
1.0,0.2826213080177964,0,0,1,0,0,1,0,0
1.0,1.8419210386125235,0,0,1,1,0,1,0,0
1.0,1.8879837770630283,0,0,1,1,0,1,0,0
1.0,0.7910899230202915,0,0,1,0,0,1,0,1
1.0,-0.1421577804870019,0,0,1,0,0,0,1,0
1.0,0.6830919305659529,0,0,1,0,0,1,0,1
1.0,-0.19751325949730744,0,0,1,0,0,1,0,0
1.0,-0.19751325949730744,0,0,1,0,0,1,0,0
1.0,0.37819503764671736,0,0,1,1,0,0,1,0
1.0,0.04494652174394051,0,1,0,0,0,0,1,0
1.0,0.28452487819247985,0,1,0,0,0,0,1,0
1.0,-0.42011243656852404,0,1,0,0,0,0,1,1
1.0,0.16613774619673521,0,1,0,1,0,0,1,0
1.0,0.5467468742372827,0,1,0,1,0,0,1,0
1.0,0.9780086434564701,0,1,0,1,0,0,1,0
1.0,-0.16196825427023828,0,0,1,0,0,0,1,1
1.0,0.8325892240489258,0,1,0,1,0,0,1,0
1.0,-0.040777029817443584,0,1,0,1,0,0,1,0
1.0,1.4467829676680664,0,1,0,1,0,0,1,0
1.0,0.42395538085948115,0,1,0,1,0,0,1,0
1.0,1.2835548125769871,0,0,1,1,0,1,0,0
1.0,1.2465033153990601,0,0,1,1,0,1,0,0
1.0,1.0080597436815628,0,0,1,0,0,1,0,0
1.0,1.1808937585224073,0,0,1,1,0,0,1,0
1.0,1.6694995598204196,0,0,1,1,0,1,0,0
1.0,1.2808259000051465,0,0,1,1,0,0,1,0
1.0,0.28832839767441304,0,0,1,0,0,0,1,0
1.0,0.7830430313949582,0,0,1,1,0,1,0,0
1.0,0.8039202087255729,0,0,1,1,0,1,0,1
1.0,0.05523495279286571,0,0,1,0,0,1,0,0
1.0,-0.1312082440105612,0,0,1,0,0,1,0,1
1.0,0.4402596628671018,0,0,1,0,0,1,0,0
1.0,-0.488276159567007,0,0,1,0,0,0,1,1
1.0,0.5046046158239307,1,0,0,1,0,0,1,0
1.0,0.4456747856916384,1,0,0,1,0,0,1,0
1.0,-0.5960689678315129,1,0,0,0,0,0,1,0
1.0,-0.6294351410215919,1,0,0,0,0,0,1,0
1.0,0.3466743332358935,1,0,0,1,0,0,1,0
1.0,0.4761771545517741,1,0,0,1,0,0,1,0
1.0,0.43483474481957884,1,0,0,1,0,0,1,0
1.0,0.47081687661093363,1,0,0,1,0,0,1,0
1.0,0.5762433631245432,1,0,0,1,0,0,1,0
1.0,-1.1280974121655674,0,0,0,0,0,0,1,0
1.0,-1.518136459989639,0,0,0,0,0,0,1,0
1.0,-1.4292178118772643,0,0,0,0,0,0,1,0
1.0,-1.518136459989639,0,0,0,0,0,0,1,0
1.0,-0.007031810679539405,0,0,1,0,0,0,1,0
1.0,0.4057349438354618,0,0,0,1,0,0,1,0
1.0,1.880169321509615,0,0,1,1,0,0,1,0
1.0,1.9931483763533877,0,0,1,1,0,1,0,0
1.0,-0.4225203650074131,0,0,1,0,0,0,1,0
1.0,-0.5329282207569662,0,0,1,1,0,0,1,0
1.0,-0.08780553701885047,0,0,1,1,0,0,1,0
1.0,0.23269957760685672,0,0,1,1,0,0,1,0
1.0,0.40024715692542495,0,0,1,0,0,1,0,0
1.0,-0.26989263263762103,0,0,1,0,0,1,0,0
1.0,-0.03019080382558914,0,0,1,0,0,1,0,0
1.0,0.24814880538036396,0,0,1,0,0,1,0,0
1.0,-0.06206224840093607,0,0,1,0,1,0,1,0
1.0,0.6647080213407452,0,0,1,1,0,0,1,0
1.0,0.30349442093921264,0,0,1,1,0,1,0,0
1.0,0.3429441403302254,0,0,1,1,0,1,0,0
1.0,1.5371118758647213,0,0,1,1,0,1,0,0
1.0,-0.43700867680543265,0,0,1,0,0,1,0,0
1.0,2.1585843117061847,0,0,1,1,0,1,0,0
1.0,0.4600674933843442,0,0,1,0,0,1,0,0
1.0,0.703019410589883,0,0,1,1,0,0,1,0
1.0,-0.013330184803021193,0,1,0,0,1,0,1,0
1.0,0.5814186443216867,0,1,0,0,0,0,1,0
1.0,0.3671078726738173,0,1,0,0,0,0,1,0
1.0,0.37635002084935476,0,1,0,0,0,0,1,0
1.0,0.06344036067342883,1,0,0,1,0,0,1,0
1.0,-1.313536678076919,1,0,0,0,0,0,1,0
1.0,0.560663719207795,1,0,0,0,0,0,1,0
1.0,0.45827217773089496,0,1,0,1,0,0,1,0
1.0,-1.0380283394580687,1,0,0,0,0,0,1,0
1.0,-0.7559526579385722,1,0,0,0,0,0,1,0
1.0,-0.7452032747119856,1,0,0,0,0,0,1,0
1.0,-1.3757807686075483,0,0,0,1,0,0,0,0
1.0,0.128287745652976,1,0,0,0,0,0,1,0
1.0,-0.20870802691720275,1,0,0,0,0,0,1,0
1.0,-0.973655484108716,1,0,0,0,0,0,1,0
1.0,0.9810273399463857,1,0,0,1,0,0,1,0
1.0,-0.5935176493369195,1,0,0,0,0,0,1,0
1.0,0.013867749225415737,1,0,0,0,0,0,1,0
1.0,0.27308529136820764,1,0,0,0,0,0,1,0
1.0,-0.7829958953657643,1,0,0,0,0,0,1,0
1.0,-1.4562976772114344,1,0,0,0,0,0,1,0
1.0,-0.6553564321151214,1,0,0,0,0,0,1,0
1.0,-1.2335566127053845,1,0,0,0,0,0,1,0
1.0,0.6663839502524941,1,0,0,0,0,0,1,0
1.0,0.6225025019859995,1,0,0,0,0,0,1,0
1.0,0.7228153551338915,1,0,0,0,0,0,1,0
1.0,-1.5008307298614862,0,0,0,0,0,0,0,0
1.0,-0.6371880312749896,0,0,0,1,0,0,1,0
1.0,-2.271847205986197,0,0,0,0,0,0,0,0
1.0,0.005525394167515368,0,0,0,1,0,0,1,0
1.0,-0.950585564893368,1,0,0,0,0,0,1,0
1.0,-0.2653173842910525,1,0,0,0,0,0,1,0
1.0,-0.8461366424403111,1,0,0,0,0,0,1,0
1.0,-1.4767692564221864,1,0,0,0,0,0,1,0
1.0,-0.39613888997232954,1,0,0,0,0,0,1,0
1.0,-0.9998230494249662,1,0,0,0,0,0,1,0
1.0,-0.24708587094532322,1,0,0,1,0,0,1,0
1.0,-1.1280974121655674,1,0,0,1,0,0,1,0
1.0,-0.34406209325449033,1,0,0,1,0,0,1,0
1.0,0.6830919305659529,1,0,0,0,0,0,1,0
1.0,0.3072739736883688,1,0,0,1,0,0,1,0
1.0,-1.65666186880222,1,0,0,0,0,0,1,0
1.0,-0.747887010649038,1,0,0,0,0,0,1,0
1.0,-0.705232784681171,0,0,0,0,0,0,1,0
1.0,-0.24027752588851534,0,0,0,1,0,0,1,0
1.0,-0.157554604158667,0,0,0,1,0,0,1,0
1.0,-2.271847205986197,0,0,0,0,0,0,1,0
1.0,0.04700703347702076,0,0,0,1,0,0,1,0
1.0,0.31858413684594533,0,0,0,1,0,0,0,0
1.0,0.43302425595715477,0,0,0,1,0,0,0,0
1.0,0.5814186443216867,0,0,0,1,0,0,1,0
1.0,-0.9998230494249662,0,0,0,0,0,0,1,0
1.0,0.005525394167515368,0,0,0,1,0,0,1,0
1.0,-1.3990424065174383,0,0,0,0,0,0,1,0
1.0,-0.8489122786490991,0,0,0,1,0,0,1,0
1.0,0.1342959106864865,0,0,0,1,0,0,1,0
1.0,-3.7757186888032472,0,0,0,0,0,0,0,0
1.0,0.3072739736883688,0,0,0,0,0,0,0,0
1.0,0.3800389200961487,0,0,0,1,0,0,1,0
1.0,0.03462267433930476,0,0,0,1,0,0,1,0
1.0,-1.0291684372698988,0,0,0,1,0,0,1,0
1.0,1.4827312113659212,0,0,0,1,0,0,1,0
1.0,0.21522353438103517,0,0,0,1,0,0,1,0
1.0,-0.8322968637983739,0,0,0,1,0,0,0,0
1.0,1.6622960142206027,0,0,0,1,0,0,1,0
1.0,-1.1280974121655674,0,0,0,0,0,0,1,0
1.0,-0.8130278457302894,0,0,0,0,0,0,0,0
1.0,-0.6788787072808202,0,0,0,0,0,0,1,0
1.0,0.45467831905095574,0,0,0,1,0,0,1,0
1.0,0.5779694493359476,0,0,0,1,0,0,1,0
1.0,-0.5080394911160622,0,0,0,1,0,0,1,0
1.0,-0.31603315363723217,0,0,0,1,0,0,1,0
1.0,0.46186173496315525,0,0,0,1,0,0,1,0
1.0,-1.2367151961564025,0,0,0,0,0,0,1,0
1.0,0.1302918050055507,0,0,0,1,0,0,1,0
1.0,-0.19751325949730744,0,0,0,1,0,0,1,0
1.0,-1.0409874661998921,0,0,0,1,0,0,1,0
1.0,-0.49320479618902496,0,0,0,1,0,0,1,0
1.0,-1.4090671781116821,0,0,0,0,0,0,0,0
1.0,-0.6973022167028918,0,0,0,1,0,0,0,0
1.0,-1.719106586466721,0,0,0,0,0,0,1,0
1.0,1.0125415498100712,0,0,0,1,0,0,1,0
1.0,0.8483988268667558,0,0,0,1,0,0,1,0
1.0,0.5397641593028425,0,0,0,1,0,0,1,0
1.0,0.9749869054582397,0,0,0,1,0,0,1,0
1.0,0.3466743332358935,0,0,0,1,0,0,1,0
1.0,-1.8713765834380405,0,0,0,0,0,0,1,0
1.0,0.20742359575939348,0,0,0,1,0,0,1,0
1.0,0.9522263000641371,0,0,0,1,0,0,1,0
1.0,-0.27447487143510607,0,0,0,1,0,0,1,0
1.0,-0.9620983418317196,0,0,0,0,0,0,1,0
1.0,-0.44427916451043475,0,0,0,1,0,0,1,0
1.0,-1.9067295434110156,0,0,0,0,0,0,1,0
1.0,-0.19304702678876304,0,0,0,1,0,0,0,0
1.0,-0.9219955036748703,0,0,0,0,0,0,1,0
1.0,-0.8628291236196141,0,0,0,0,1,0,1,0
1.0,-0.8048074439380837,0,0,0,0,1,0,1,0
1.0,-1.1038132737391944,0,0,0,0,0,0,1,0
1.0,-0.979450799360407,0,0,0,0,1,0,1,0
1.0,-0.8684139943388034,0,0,0,0,0,0,1,0
1.0,-0.7238194072226878,0,0,0,0,1,0,1,0
1.0,-0.6867606427230026,0,0,0,0,0,0,1,0
1.0,-1.2021524020975034,0,0,0,0,0,0,1,0
1.0,-0.5630699288374562,0,0,0,0,0,0,1,0
1.0,0.548490015646151,0,1,0,0,0,0,1,0
1.0,-0.179688097308562,0,0,0,1,0,0,1,0
1.0,-1.382408560718303,0,0,0,0,1,0,1,0
1.0,0.18390132059369735,0,1,0,0,0,0,1,0
1.0,-0.8516904860821665,0,0,0,1,0,0,1,0
1.0,0.17207063578641582,0,0,0,0,0,0,1,0
1.0,0.15423664046228375,0,0,0,0,0,0,1,0
1.0,-1.518136459989639,0,0,0,0,1,0,1,0
1.0,-0.36525705574126655,0,0,0,1,0,0,1,0
1.0,2.023139373375302,1,0,0,1,0,0,1,0
1.0,0.37819503764671736,1,0,0,0,0,0,1,0
1.0,1.284918338269729,1,0,0,1,0,0,1,0
1.0,1.0540518970526782,1,0,0,0,1,0,1,0
1.0,-0.16638840939538388,0,1,0,1,0,0,1,1
1.0,0.3578371552158337,0,1,0,0,0,1,0,0
1.0,1.386773381109884,0,1,0,0,0,1,0,0
1.0,0.6259008872896044,0,1,0,0,0,1,0,1
1.0,0.15820892542648118,1,0,0,0,1,1,0,0
1.0,0.40938789764826194,0,1,0,0,0,0,1,0
1.0,-1.1098658988198382,0,1,0,0,0,0,1,0
1.0,-0.03230506172741096,0,1,0,0,0,0,1,0
1.0,0.6343800411127769,0,1,0,1,0,0,1,0
1.0,0.42577135106908226,0,1,0,1,0,0,1,0
1.0,0.7211706746926043,0,1,0,1,0,0,1,0
1.0,-0.5986224585856226,0,1,0,0,0,0,1,0
1.0,-0.8600405834749429,0,1,0,0,0,0,1,0
1.0,0.2500743750834482,0,1,0,0,0,0,1,0
1.0,1.2312760397582694,0,1,0,1,0,0,1,0
1.0,0.918528476894904,0,1,0,1,0,1,0,0
1.0,0.6596746080593449,0,1,0,0,0,1,0,0
1.0,1.4532339805006598,0,1,0,1,0,0,1,0
1.0,0.6225025019859995,0,1,0,1,0,1,0,0
1.0,-1.5741955633735034,0,1,0,0,0,0,1,0
1.0,0.7457466770846057,0,1,0,0,1,0,1,0
1.0,0.024263165905657115,0,1,0,0,0,0,1,0
1.0,0.2616019025730747,0,1,0,0,0,0,1,0
1.0,-0.15535021250519293,0,1,0,0,0,0,1,0
1.0,-0.8157729943974942,0,0,0,0,0,0,1,0
1.0,-0.9823526619085549,0,0,0,0,1,0,1,0
1.0,-0.7211571125875599,0,0,0,0,0,0,1,0
1.0,-0.747887010649038,0,0,0,0,1,0,1,0
1.0,-0.07490627107078378,0,0,0,1,0,0,1,0
1.0,2.9397869561689225,0,0,0,0,0,0,1,0
1.0,-0.6553564321151214,0,0,0,0,0,0,0,0
1.0,-0.6553564321151214,0,0,0,0,0,0,0,0
1.0,-1.8095378006598386,0,0,0,0,0,0,0,0
1.0,-0.924842276275451,0,0,0,1,0,0,1,0
1.0,-0.6946633474525437,0,0,0,1,0,0,1,0
1.0,-1.297369120273172,0,0,0,0,0,0,0,0
1.0,-0.5229479296514109,0,0,0,0,1,0,0,0
1.0,-0.3113870261247035,0,0,0,1,0,0,0,0
1.0,-0.019641814020367517,1,0,0,0,0,0,1,0
1.0,0.8766477770999307,1,0,0,1,0,0,1,0
1.0,-0.2561877738633097,0,1,0,1,0,0,1,0
1.0,-0.37709708181623247,0,1,0,1,0,0,1,0
1.0,0.16019309665963852,0,1,0,1,0,1,0,0
1.0,0.3354698069674092,0,1,0,1,0,0,1,0
1.0,0.9046331251982156,0,1,0,1,0,0,1,0
1.0,-0.1268395983589492,0,1,0,1,0,0,1,0
1.0,-0.818520658089025,0,1,0,0,0,0,1,0
1.0,0.8023194215461065,0,1,0,1,0,1,0,0
1.0,1.2312760397582694,0,1,0,1,0,0,1,0
1.0,0.8420849830410314,0,1,0,0,0,0,1,0
1.0,-0.9852573349777694,1,0,0,1,0,0,1,0
1.0,-1.3330535021128282,0,0,0,0,0,0,1,0
1.0,-0.821270841417488,0,0,0,1,0,0,1,0
1.0,-0.5329282207569662,0,0,0,1,0,0,1,0
1.0,0.43302425595715477,0,0,0,0,1,0,1,0
1.0,-1.3559848240635426,0,0,0,0,0,0,1,0
1.0,0.9308260839136119,0,0,0,1,0,0,1,0
1.0,-2.011265517943366,0,0,0,0,0,0,0,0
1.0,-0.15535021250519293,0,0,0,1,0,0,0,0
1.0,-0.9362564659220172,0,0,0,1,0,0,0,0
1.0,-1.518136459989639,0,0,0,1,0,0,0,0
1.0,0.4185008633640828,0,1,0,0,0,1,0,1
1.0,0.41485899927414555,0,1,0,0,0,0,1,0
1.0,1.0466813484682123,1,0,0,0,0,0,1,0
1.0,0.7162312148175579,1,0,0,1,0,0,1,0
1.0,0.8007177794735788,1,0,0,1,0,0,1,0
1.0,0.4922007441002287,1,0,0,0,0,0,0,0
1.0,0.13829467755826555,0,0,1,0,0,0,1,0
1.0,0.20937548304568673,0,0,1,0,0,1,0,0
1.0,0.6495823673201696,0,0,1,1,0,1,0,1
1.0,0.0180302408159263,0,0,1,0,1,0,1,0
1.0,0.35226093784950857,0,0,1,1,0,0,1,1
1.0,0.12628234624055662,0,0,1,0,0,0,1,0
1.0,-0.39613888997232954,0,0,1,0,0,0,1,0
1.0,0.013867749225415737,0,0,1,0,0,1,0,0
1.0,0.4672380280841794,0,0,1,0,0,0,1,0
1.0,0.560663719207795,0,0,1,0,0,1,0,0
1.0,0.9446008835240423,0,0,1,0,0,1,0,0
1.0,-0.19304702678876304,1,0,0,0,1,0,1,0
1.0,-0.8157729943974942,1,0,0,0,0,0,1,0
1.0,-0.5605465170692964,1,0,0,0,0,0,1,0
1.0,-0.5329282207569662,1,0,0,0,1,0,0,0
1.0,-0.9620983418317196,0,0,0,0,0,0,1,0
1.0,0.08589015710087909,0,0,0,1,0,0,1,0
1.0,-1.115930763797756,0,0,0,0,1,0,0,0
1.0,-1.115930763797756,0,0,0,0,1,0,0,0
1.0,-0.6346015070012324,1,0,0,0,0,0,1,0
1.0,-0.8157729943974942,0,0,0,1,0,0,1,0
1.0,-1.6895588133737192,1,0,0,0,0,0,1,0
1.0,-1.5848243094404506,1,0,0,0,0,0,1,0
1.0,-1.4325894532773782,1,0,0,0,0,0,1,0
1.0,0.7424814892721191,0,0,0,1,0,0,1,0
1.0,0.30538479270651453,1,0,0,0,0,0,1,0
1.0,-0.10509131806804026,0,1,0,0,1,0,1,0
1.0,0.5010658841926782,0,1,0,0,1,0,1,0
1.0,0.5362666956883626,0,1,0,1,0,0,1,0
1.0,0.24043413949416054,0,1,0,1,0,0,1,0
1.0,1.4169282661153355,0,1,0,1,0,0,1,0
1.0,-0.5655954655842003,0,1,0,0,0,0,1,0
1.0,0.40756197691634916,0,1,0,1,0,0,1,0
1.0,-0.718497179189668,0,1,0,0,0,0,1,0
1.0,-0.585876690529754,0,0,1,0,0,1,0,0
1.0,-0.24481470483184006,0,0,1,0,0,1,0,0
1.0,1.7170860355155972,0,0,1,1,0,1,0,0
1.0,1.4673775530396354,0,0,1,0,0,1,0,1
1.0,-0.019641814020367517,0,1,0,0,0,0,1,0
1.0,0.35226093784950857,0,0,1,0,0,1,0,0
1.0,1.3309131685483961,0,0,1,0,0,1,0,0
1.0,1.0614043761201657,0,0,1,0,0,1,0,1
1.0,-0.3300148792383552,0,1,0,0,0,0,1,0
1.0,0.094012233045471,0,1,0,1,0,0,1,0
1.0,0.4474776560251773,0,1,0,0,0,0,1,0
1.0,0.8922274210166787,0,1,0,1,0,0,1,0
1.0,-0.5909684994090941,0,1,0,0,0,0,1,0
1.0,-0.1730308810133872,0,1,0,0,0,0,1,0
1.0,-0.48335560930895044,0,1,0,0,0,0,1,0
1.0,-0.23801150786644898,0,1,0,0,1,0,1,0
1.0,0.8087174500196096,0,1,0,1,0,0,1,0
1.0,-0.02385695836783094,1,0,0,0,0,0,1,0
1.0,-1.3494151068481672,1,0,0,0,0,0,1,0
1.0,-1.3494151068481672,1,0,0,0,0,0,0,0
1.0,-0.20870802691720275,1,0,0,0,0,0,1,0
1.0,-0.20870802691720275,1,0,0,0,0,0,1,0
1.0,-0.8157729943974942,0,0,0,1,0,0,1,0
1.0,-0.488276159567007,0,0,0,1,0,0,1,0
1.0,-0.9191514307168007,1,0,0,0,0,0,1,0
1.0,-1.115930763797756,1,0,0,0,0,0,1,0
1.0,0.7096325879321952,0,0,1,0,0,1,0,1
1.0,0.5010658841926782,0,0,1,0,0,1,0,1
1.0,1.1766567791840314,0,0,1,0,0,1,0,1
1.0,1.8498356607239987,0,0,1,1,0,1,0,1
1.0,1.7276897285047892,0,0,1,1,0,1,0,1
1.0,1.067273408735905,0,0,1,0,0,1,0,0
1.0,1.7300410220078446,0,0,1,0,0,1,0,1
1.0,1.9628544348417574,0,0,1,1,0,1,0,0
1.0,1.405164610856103,0,0,1,0,0,1,0,1
1.0,1.218759595722491,0,0,1,1,0,1,0,1
1.0,1.1454013358923112,0,0,1,1,0,1,0,1
1.0,0.6864223858882521,0,0,1,0,0,1,0,0
1.0,2.1707839544655227,0,0,1,1,0,1,0,0
1.0,1.527068920612872,0,0,1,1,0,1,0,0
1.0,0.7129337161791172,0,0,1,1,0,1,0,1
1.0,0.35597956784797613,0,0,1,0,0,0,1,0
1.0,0.548490015646151,0,0,1,0,0,1,0,0
1.0,0.7293850723492669,0,0,1,1,0,1,0,1
1.0,-0.28826374496443175,0,0,1,0,0,0,1,1
1.0,-0.28826374496443175,0,0,1,0,0,0,1,0
1.0,-0.15314743994231975,0,0,1,0,0,0,1,0
1.0,0.2423646672142031,0,0,1,0,0,1,0,0
1.0,0.28642724090106536,0,0,1,0,0,1,0,0
1.0,-0.23801150786644898,0,0,1,0,0,1,0,1
1.0,-0.059926915658876215,0,0,1,0,0,0,1,0
1.0,0.128287745652976,0,1,0,1,0,0,1,1
1.0,0.20742359575939348,0,1,0,1,0,0,1,0
1.0,0.05112381478168434,0,1,0,1,0,0,1,1
1.0,0.12628234624055662,0,1,0,1,0,0,1,1
1.0,0.5917424917263198,0,1,0,1,0,0,1,1
1.0,-0.23348460178501615,0,1,0,0,0,0,1,0
1.0,0.1442828486848468,0,1,0,1,0,0,1,1
1.0,0.04700703347702076,0,1,0,1,0,0,1,1
1.0,-0.39136709149623805,0,1,0,0,0,0,1,1
1.0,0.3091619653840413,0,1,0,0,0,1,0,0
1.0,-0.3723554607344214,0,1,0,0,0,0,1,1
1.0,-0.7425219381815445,0,1,0,0,1,0,1,0
1.0,-0.1268395983589492,0,1,0,0,1,0,1,0
1.0,0.18586857203158672,0,1,0,0,0,0,1,1
1.0,-0.08349961422672836,0,1,0,0,1,0,1,0
1.0,0.9200684382686773,0,1,0,1,0,0,1,0
1.0,0.9915689139262749,0,1,0,1,0,0,1,0
1.0,0.4939758697569834,0,1,0,1,0,0,1,0
1.0,0.41121270738483273,0,1,0,1,0,0,1,0
1.0,1.7288656056849285,0,0,1,1,0,1,0,0
1.0,2.292075629905212,0,0,1,1,0,1,0,0
1.0,1.7650909890314113,0,0,1,1,0,1,0,0
1.0,1.527068920612872,0,0,1,1,0,0,1,0
1.0,1.2876435312873462,0,0,1,1,0,1,0,0
1.0,1.7135431234561675,0,0,1,1,0,1,0,0
1.0,-0.13777316755759336,0,0,1,0,0,0,1,1
1.0,0.21911590963153083,0,0,1,0,0,1,0,1
1.0,0.2035160060085077,0,0,1,0,0,1,0,0
1.0,0.9476533771305894,0,0,1,0,0,1,0,1
1.0,0.19176259563095377,0,0,1,0,0,0,1,1
1.0,0.2113261008117022,0,0,1,0,0,1,0,0
1.0,0.1482683306129355,0,0,1,0,0,0,1,0
1.0,0.9643867818421272,0,0,1,1,0,0,1,0
1.0,0.732664542013966,0,0,1,1,0,1,0,0
1.0,-0.20646572796450588,0,0,1,0,0,1,0,1
1.0,-0.21319766055434525,0,0,1,0,0,0,1,1
1.0,0.6697330010857518,0,0,1,1,0,1,0,1
1.0,0.3072739736883688,0,0,1,1,0,0,1,1
1.0,0.8135070300253839,0,0,1,1,0,1,0,1
1.0,0.29971009903705875,0,0,1,0,0,1,0,1
1.0,0.485089715968418,0,0,1,0,0,1,0,0
1.0,1.5991296918465439,0,0,1,1,0,0,1,0
1.0,-0.7938818409277052,1,0,0,0,0,0,1,1
1.0,-0.6788787072808202,1,0,0,0,0,0,1,0
1.0,-0.8102852074874574,1,0,0,0,0,0,1,0
1.0,0.10817315174426727,1,0,0,0,0,0,1,0
1.0,0.7162312148175579,1,0,0,1,0,0,1,0
1.0,-0.3723554607344214,1,0,0,1,0,0,1,0
1.0,-1.4157690238268643,0,0,0,0,0,0,1,0
1.0,-0.9620983418317196,0,0,0,0,0,0,1,0
1.0,1.67189690184218,0,0,1,1,0,0,1,0
1.0,-0.9707620205851661,0,0,0,0,0,0,1,0
1.0,-0.9191514307168007,0,0,0,0,0,0,1,0
1.0,-0.11812135178480045,0,0,1,0,0,1,0,0
1.0,-0.6579609261646338,0,0,1,0,0,1,0,1
1.0,0.26351885675117137,0,0,1,0,0,1,0,1
1.0,-0.1752483115835538,0,0,1,0,0,0,1,1
1.0,0.23463508894188267,0,0,1,0,0,1,0,1
1.0,0.13829467755826555,0,0,1,1,0,0,1,0
1.0,0.2788105391321036,0,0,1,1,0,0,1,0
1.0,-0.16196825427023828,0,0,1,0,0,0,1,0
1.0,1.0702036236339083,0,0,1,1,0,1,0,0
1.0,1.4980066673583408,0,0,1,1,0,1,0,0
1.0,0.12427560497496885,0,0,1,0,0,1,0,0
1.0,1.4980066673583408,0,0,1,0,0,0,1,0
1.0,1.664699119084378,0,0,1,0,0,1,0,0
1.0,-0.6553564321151214,0,1,0,0,0,0,1,0
1.0,1.5595863127503697,0,1,0,1,0,0,1,0
1.0,-0.8433635727008737,0,1,0,0,1,0,1,0
1.0,-0.30443130276817887,0,1,0,0,0,0,1,0
1.0,0.3485376913011339,0,1,0,0,0,0,1,0
1.0,0.31858413684594533,0,1,0,0,0,0,1,0
1.0,1.109483844207639,0,1,0,1,0,0,1,0
1.0,-0.8130278457302894,0,1,0,0,0,0,1,0
1.0,-0.9276917536485034,0,1,0,0,0,0,1,0
1.0,-0.7748572887171632,1,0,0,0,0,0,1,0
1.0,-0.4735386620508,1,0,0,0,0,0,0,0
1.0,-0.865620258962558,1,0,0,0,0,0,1,0
1.0,-0.5655954655842003,1,0,0,0,0,0,1,0
1.0,-1.1896822190186889,1,0,0,0,0,0,1,0
1.0,-1.4157690238268643,1,0,0,0,0,0,1,0
1.0,-0.5329282207569662,1,0,0,0,0,0,1,0
1.0,-0.9563364289940174,1,0,0,0,1,0,1,0
1.0,1.2215455454904345,1,0,0,1,0,0,1,0
1.0,-0.1268395983589492,1,0,0,0,0,0,1,0
1.0,0.42577135106908226,1,0,0,0,0,0,1,0
1.0,-1.3691675912652361,1,0,0,1,0,0,1,0
1.0,-2.2987449173095893,0,0,0,0,0,0,0,0
1.0,-2.2807863324537916,0,0,0,1,0,0,0,0
1.0,-1.719106586466721,0,0,0,0,0,0,1,0
1.0,-0.6605676840076065,1,0,0,0,0,0,1,0
1.0,0.2539218094911995,1,0,0,0,0,0,1,0
1.0,-0.3393723742229885,1,0,0,0,1,0,1,0
1.0,-0.40091829291135966,1,0,0,0,1,0,1,0
1.0,-1.2780823997238553,1,0,0,0,0,0,1,0
1.0,-1.055827054663278,1,0,0,0,0,0,1,0
1.0,-0.924842276275451,1,0,0,0,0,0,1,0
1.0,-0.6762559920200766,1,0,0,0,0,0,1,0
1.0,0.548490015646151,1,0,0,0,0,0,1,0
1.0,-1.323279214125398,1,0,0,0,0,0,1,0
1.0,-0.04714674840911124,1,0,0,0,0,0,1,0
1.0,-0.49320479618902496,1,0,0,0,0,0,1,0
1.0,-0.6501542196927286,1,0,0,0,0,0,1,0
1.0,0.2539218094911995,1,0,0,0,0,0,1,0
1.0,-1.2398771096907502,1,0,0,0,0,0,1,0
1.0,-0.9620983418317196,1,0,0,0,0,0,1,0
1.0,-1.313536678076919,1,0,0,0,0,0,1,0
1.0,0.21522353438103517,1,0,0,1,0,0,0,0
1.0,-1.313536678076919,1,0,0,0,0,0,1,0
1.0,0.41668048412183306,1,0,0,0,0,0,0,0
1.0,-1.316780674834017,0,0,0,0,0,0,1,0
1.0,0.22300323967614158,0,0,0,1,0,0,0,0
1.0,0.560663719207795,1,0,0,1,0,0,1,0
1.0,2.299860383684441,1,0,0,1,0,0,1,0
1.0,-0.3370302618747277,0,0,0,1,0,0,0,0
1.0,0.2035160060085077,0,0,0,1,0,0,1,0
1.0,0.42395538085948115,1,0,0,0,1,0,1,0
1.0,-1.4359648894350745,1,0,0,0,0,0,1,0
1.0,-1.2272494080473606,1,0,0,0,0,0,1,0
1.0,-0.43943021485344297,1,0,0,0,0,0,1,0
1.0,-0.9620983418317196,1,0,0,0,0,0,1,0
1.0,-0.6088582183833153,1,0,0,0,0,0,1,0
1.0,-0.42975577191736014,1,0,0,0,0,0,1,0
1.0,-0.12029853860239842,1,0,0,0,0,0,1,0
1.0,-1.313536678076919,1,0,0,0,0,0,1,0
1.0,-1.518136459989639,1,0,0,0,0,0,1,0
1.0,-1.2780823997238553,1,0,0,0,1,0,1,0
1.0,-1.2021524020975034,0,0,0,0,0,0,1,0
1.0,-0.3021163086667199,0,0,0,1,0,0,1,0
1.0,-1.014459851095828,0,0,0,0,0,0,1,0
1.0,-1.1803634915537797,0,0,0,0,0,0,1,0
1.0,-0.8712103345968949,0,0,0,0,0,0,1,0
1.0,-0.5986224585856226,0,0,0,1,0,0,1,0
1.0,-0.684131028604927,0,0,0,1,0,0,0,0
1.0,0.6797577726799957,0,0,0,1,0,0,0,0
1.0,0.6360729989390064,0,0,0,1,0,1,0,0
1.0,0.40756197691634916,0,0,0,1,0,0,1,0
1.0,-0.454000646959502,0,0,0,1,0,0,1,0
1.0,0.42213831039521393,0,0,0,1,0,0,1,0
1.0,-0.16196825427023828,0,0,0,1,0,0,1,1
1.0,1.6126031969684658,0,0,0,1,0,0,1,0
1.0,-1.1772636724565992,0,0,0,0,0,0,0,0
1.0,-0.109428375526014,0,0,0,0,1,0,0,0
1.0,-0.9049713820329662,0,0,0,0,0,0,1,0
1.0,0.003436174501330832,0,0,0,1,0,0,1,0
1.0,-0.3534635890711358,0,0,0,1,0,0,1,0
1.0,-0.454000646959502,0,0,0,1,0,0,1,0
1.0,-1.4495047531079353,0,0,0,1,0,0,1,0
1.0,-0.05140075580253927,0,0,0,1,0,0,1,0
1.0,-0.24254525734592494,0,0,0,1,0,0,1,0
1.0,-0.015432585666915476,0,0,0,1,0,0,1,0
1.0,-0.3370302618747277,0,0,0,1,0,0,1,0
1.0,1.3709192047552121,0,0,0,1,0,0,1,0
1.0,-0.12247730710325441,0,0,0,1,0,0,1,0
1.0,-0.2561877738633097,0,0,0,1,0,0,1,0
1.0,-0.19304702678876304,0,0,0,1,0,0,1,0
1.0,-0.6011781253014402,0,0,0,1,0,0,1,0
1.0,-0.49814154579679837,0,0,0,1,0,0,1,0
1.0,1.4103985994612058,0,0,0,0,1,0,1,0
1.0,0.9262203885479438,0,0,0,1,0,0,1,0
1.0,1.2575293377799461,0,0,0,1,0,0,1,0
1.0,-0.25846757230796624,0,0,0,1,0,0,0,0
1.0,0.10413399327577413,0,0,0,1,0,0,0,0
1.0,1.3748906130285845,0,0,0,1,0,0,1,0
1.0,-0.33468997716016496,1,0,0,1,0,0,1,0
1.0,-1.0827247659866701,0,0,0,0,1,0,1,0
1.0,0.03875647886631979,0,0,0,0,1,0,1,0
1.0,-1.0647661811308726,0,0,0,0,0,0,0,0
1.0,-1.0203346320331819,0,0,0,0,1,0,1,0
1.0,-0.9620983418317196,0,0,0,0,0,0,1,0
1.0,-1.5042838962873482,0,0,0,0,0,0,1,0
1.0,-1.4057218629744954,0,0,0,0,0,0,1,0
1.0,-1.2557368754162077,0,0,0,0,0,0,1,0
1.0,-1.3559848240635426,0,0,0,0,0,0,1,0
1.0,-0.124657659587168,0,0,0,0,0,0,1,0
1.0,1.8475764706288214,0,0,0,1,0,0,1,0
1.0,-0.28826374496443175,0,0,0,1,0,0,1,0
1.0,-0.29518202879247046,0,0,0,0,0,0,1,0
1.0,-0.5935176493369195,0,0,0,0,0,0,1,0
1.0,-1.0857283463173684,0,0,0,0,0,0,0,0
1.0,0.17996294220825204,0,1,0,0,0,0,1,0
1.0,-0.23574720069242902,0,0,0,0,0,0,1,0
1.0,0.3855637752837667,0,0,0,0,0,0,1,0
1.0,-0.42975577191736014,0,0,0,0,0,0,0,0
1.0,1.5732382385812373,0,1,0,0,0,0,1,0
1.0,0.37819503764671736,0,0,0,1,0,0,1,0
1.0,-1.518136459989639,1,0,0,0,0,0,1,0
1.0,-1.2557368754162077,0,0,0,0,0,0,0,0
1.0,-0.9678713459425552,0,0,0,0,0,0,1,0
1.0,-0.19751325949730744,0,0,0,0,0,0,1,0
1.0,0.09603931977997766,0,0,0,1,0,0,1,0
1.0,-0.15314743994231975,0,0,0,1,0,0,0,0
1.0,0.7195250918203021,1,0,0,1,0,0,1,0
1.0,0.9354247171318126,1,0,0,1,0,0,1,0
1.0,0.42395538085948115,0,1,0,0,0,1,0,1
1.0,1.2019893299766968,0,1,0,0,0,1,0,1
1.0,0.42395538085948115,0,1,0,0,0,1,0,1
1.0,0.22688553757688978,0,1,0,0,0,0,1,0
1.0,0.13629596058357096,0,1,0,0,0,1,0,0
1.0,-0.3628946493886846,0,1,0,0,0,0,1,0
1.0,0.6747495755080526,0,1,0,1,0,0,1,0
1.0,0.8023194215461065,1,0,0,1,0,0,1,0
1.0,0.5865850103013273,0,1,0,0,0,1,0,0
1.0,-1.014459851095828,0,1,0,0,0,0,1,0
1.0,-0.27447487143510607,0,1,0,1,0,0,1,0
1.0,-1.1098658988198382,0,1,0,0,0,0,1,0
1.0,-0.8020723094944964,0,1,0,0,0,0,1,0
1.0,0.8023194215461065,0,1,0,1,0,0,1,0
1.0,0.6037422350667738,0,1,0,1,0,0,1,0
1.0,0.4939758697569834,0,1,0,1,0,0,1,0
1.0,0.7522664072816457,0,1,0,1,0,0,1,0
1.0,-1.4157690238268643,0,1,0,0,0,0,1,0
1.0,-1.0056692008074095,0,1,0,0,1,0,1,0
1.0,-1.0528532569882625,0,1,0,0,1,0,1,0
1.0,-0.9620983418317196,0,1,0,0,0,0,1,0
1.0,-1.372472357119779,0,1,0,0,0,0,1,0
1.0,-1.4665159995651442,0,1,0,0,0,0,1,0
1.0,-1.518136459989639,0,1,0,0,0,0,1,0
1.0,-1.4801948132875047,0,1,0,0,0,0,0,0
1.0,0.4636549037517173,0,1,0,0,0,0,1,0
1.0,0.8953336612835131,0,1,0,1,0,0,1,0
1.0,0.5623987928515215,0,1,0,1,0,0,1,0
1.0,0.31481881970411024,0,1,0,0,0,1,0,0
1.0,1.5942151889696365,0,1,0,1,0,1,0,0
1.0,0.9870556328494837,0,1,0,1,0,0,1,0
1.0,-0.1997488725039452,0,1,0,0,0,1,0,0
1.0,0.08792273915735173,0,1,0,1,0,0,1,1
1.0,-0.5580252267068235,0,1,0,0,0,0,1,0
1.0,-0.2244512373966443,0,1,0,0,0,0,1,1
1.0,0.11824731207186807,0,1,0,1,0,0,1,0
1.0,0.20742359575939348,0,1,0,1,0,0,1,0
1.0,-1.2780823997238553,0,0,0,0,1,0,1,0
1.0,-0.8267787854992041,0,0,0,0,0,0,0,0
1.0,-0.17746738287201494,0,0,0,1,0,0,1,0
1.0,-0.585876690529754,0,0,0,0,0,0,1,0
1.0,-0.950585564893368,0,0,0,0,1,0,1,0
1.0,1.3295703994596881,0,0,0,1,0,0,1,0
1.0,-0.053530024411345474,0,0,0,1,0,0,1,0
1.0,3.803548196127942,0,0,0,0,0,1,0,1
1.0,-0.8712103345968949,0,0,0,0,1,0,1,0
1.0,-1.2021524020975034,0,0,0,0,0,0,1,0
1.0,-0.6553564321151214,0,0,0,0,0,0,0,0
1.0,-0.5454504715570231,0,0,0,0,0,0,1,0
1.0,-1.514667315924937,0,0,0,1,0,0,1,0
1.0,-1.8713765834380405,0,0,0,0,0,0,0,0
1.0,-1.518136459989639,0,0,0,0,0,0,0,0
1.0,1.7766838705307142,1,0,0,1,0,0,1,0
1.0,-0.02385695836783094,0,1,0,0,0,0,1,0
1.0,-0.29749167442801505,0,1,0,1,0,0,1,0
1.0,-0.7993396672010861,0,1,0,1,0,0,1,0
1.0,0.005525394167515368,0,1,0,1,0,0,1,0
1.0,0.05728841039416241,0,1,0,1,0,0,1,0
1.0,0.543257548992562,0,1,0,1,0,0,1,0
1.0,-0.46864221245780185,0,1,0,0,0,0,1,0
1.0,0.6071619329396011,0,1,0,1,0,0,0,0
1.0,-0.16860093233566192,0,1,0,1,0,0,1,0
1.0,0.2539218094911995,0,1,0,0,0,0,1,0
1.0,0.11220687758372479,0,1,0,0,0,0,1,0
1.0,-0.9477142628937416,1,0,0,1,0,0,1,0
1.0,0.4761771545517741,0,1,0,0,0,0,0,0
1.0,-1.0203346320331819,1,0,0,0,0,1,0,0
1.0,0.5046046158239307,0,1,0,0,0,0,1,0
1.0,1.9278538951040343,0,1,0,0,0,1,0,0
1.0,-0.49567215520069763,0,0,0,1,0,0,1,0
1.0,0.33172564329817467,0,0,0,1,0,0,1,0
1.0,0.7293850723492669,0,0,0,1,0,0,1,0
1.0,-1.6895588133737192,0,0,0,0,0,0,1,0
1.0,-1.5848243094404506,0,0,0,1,0,0,0,0
1.0,0.9855496952283213,0,0,0,1,0,0,1,0
1.0,-0.8684139943388034,0,0,0,0,0,0,0,0
1.0,-1.076726614568233,0,0,0,0,0,0,1,0
1.0,0.37635002084935476,0,1,0,0,0,1,0,1
1.0,-0.29518202879247046,1,0,0,0,1,0,1,0
1.0,-0.08780553701885047,1,0,0,0,0,0,1,0
1.0,-0.05140075580253927,1,0,0,0,0,0,1,0
1.0,0.09198377526808892,1,0,0,0,0,0,1,0
1.0,-1.3363186899253148,1,0,0,0,1,0,1,0
1.0,-1.0027447006151382,1,0,0,0,1,0,1,0
1.0,0.13829467755826555,0,0,1,0,0,0,1,0
1.0,1.390723864284202,0,0,1,0,0,0,1,0
1.0,0.4922007441002287,0,0,1,0,0,0,1,1
1.0,0.2616019025730747,0,0,1,0,0,1,0,1
1.0,-0.4345890923986545,0,0,1,0,0,0,1,0
1.0,-0.2653173842910525,0,0,1,0,0,1,0,0
1.0,0.8797701872825736,0,0,1,0,0,1,0,0
1.0,0.11824731207186807,0,0,1,0,0,0,1,0
1.0,1.6514581496313112,0,0,1,1,0,0,1,0
1.0,0.7228153551338915,0,0,1,0,0,1,0,1
1.0,1.0496317419275352,1,0,0,0,0,0,0,0
1.0,-1.2780823997238553,1,0,0,0,1,0,1,0
1.0,-0.8157729943974942,0,0,0,1,0,0,0,0
1.0,-1.1038132737391944,0,0,0,0,1,0,0,0
1.0,-0.8157729943974942,0,0,0,1,0,0,0,0
1.0,-0.8157729943974942,0,0,0,1,0,0,0,0
1.0,-1.055827054663278,1,0,0,0,1,0,1,0
1.0,-0.16638840939538388,1,0,0,0,1,0,1,0
1.0,0.4690279861853749,1,0,0,0,0,0,1,0
1.0,-0.0028402310880430836,1,0,0,1,0,0,1,0
1.0,-1.7639813594933238,1,0,0,0,1,0,1,0
1.0,0.34480981672602423,1,0,0,0,0,0,0,0
1.0,-0.5884215143646936,1,0,0,0,0,0,1,0
1.0,-1.6895588133737192,1,0,0,0,0,0,1,0
1.0,-1.4393441289019224,1,0,0,0,0,0,1,0
1.0,-0.3090666587288572,1,0,0,0,0,0,1,0
1.0,-1.0085965555635257,1,0,0,0,0,0,1,0
1.0,0.678089302701205,1,0,0,0,0,0,1,0
1.0,-0.09211765093142621,1,0,0,0,0,0,1,0
1.0,0.766884184602012,1,0,0,0,0,0,1,0
1.0,0.18586857203158672,0,1,0,1,0,0,1,0
1.0,0.4600674933843442,0,1,0,1,0,0,1,0
1.0,0.6428352897623596,0,1,0,1,0,0,1,0
1.0,1.0935428442196646,0,1,0,1,0,1,0,0
1.0,1.301232474833045,0,1,0,1,0,0,1,1
1.0,1.884637217620158,0,0,1,1,0,1,0,0
1.0,-0.6114226261577987,0,1,0,0,0,0,1,0
1.0,-0.5229479296514109,0,0,1,0,0,1,0,0
1.0,2.0060384021111415,0,0,1,1,0,1,0,1
1.0,2.58163595114259,0,0,1,1,0,1,0,1
1.0,1.6357339872857486,0,0,1,1,0,1,0,1
1.0,1.8968897218690401,0,0,1,1,0,1,0,1
1.0,2.002821085825986,0,0,1,1,0,1,0,1
1.0,0.5362666956883626,0,0,1,0,0,1,0,0
1.0,0.9990759884580859,0,0,1,0,0,1,0,0
1.0,-0.7884339289672715,0,1,0,0,1,0,1,0
1.0,0.7765899364694762,0,1,0,1,0,0,1,0
1.0,-0.8405930646890418,0,1,0,0,1,0,1,0
1.0,1.4416121479224444,0,0,1,1,0,0,1,1
1.0,0.8055201419241081,0,1,0,0,1,0,1,0
1.0,-0.7857136796111336,0,1,0,0,0,0,1,0
1.0,-1.4836242873141827,1,0,0,0,0,0,0,0
1.0,-0.03019080382558914,1,0,0,0,0,0,1,0
1.0,-0.8157729943974942,0,0,0,1,0,0,1,0
1.0,-0.14654881305695697,0,0,0,1,0,0,1,0
1.0,-0.991075134492814,0,0,0,1,0,0,1,0
1.0,-1.2398771096907502,0,0,0,1,0,0,1,0
1.0,-0.8157729943974942,0,0,0,1,0,0,1,0
1.0,-0.8796150333516614,1,0,0,0,0,0,1,0
1.0,-0.09859746917317341,1,0,0,0,0,0,1,0
1.0,-0.9191514307168007,1,0,0,0,0,0,1,0
1.0,0.04700703347702076,1,0,0,1,0,0,1,0
1.0,1.7732107089271134,0,0,1,1,0,1,0,1
1.0,0.36340302388948104,0,0,1,0,0,1,0,0
1.0,0.5814186443216867,0,0,1,0,0,0,1,1
1.0,0.7943026439590452,0,0,1,0,0,1,0,0
1.0,1.2930864995862978,0,0,1,1,0,1,0,1
1.0,1.1325205370961882,0,0,1,1,0,1,0,1
1.0,1.356312214708945,0,0,1,1,0,1,0,1
1.0,1.5320946020730146,0,0,1,1,0,1,0,1
1.0,1.49292348866768,0,0,1,1,0,1,0,1
1.0,0.6697330010857518,0,0,1,0,0,1,0,1
1.0,0.6495823673201696,0,0,1,0,0,1,0,0
1.0,0.8672609941333297,0,0,1,1,0,1,0,0
1.0,0.26351885675117137,0,0,1,0,0,1,0,0
1.0,0.48686905432350575,0,0,1,0,0,1,0,1
1.0,0.4510801486019168,0,0,1,0,0,1,0,1
1.0,0.04700703347702076,0,1,0,1,0,0,1,1
1.0,0.12025808969297033,0,1,0,1,0,0,1,1
1.0,-0.23348460178501615,0,1,0,0,0,0,1,1
1.0,1.5119411472538937,0,1,0,1,0,1,0,1
1.0,0.12025808969297033,0,1,0,1,0,0,1,1
1.0,-0.1487467425870115,0,1,0,0,0,0,1,1
1.0,0.15820892542648118,0,1,0,0,0,0,1,0
1.0,0.2307628163451498,0,1,0,0,0,0,1,0
1.0,-0.6815037181350799,0,1,0,0,0,0,1,1
1.0,0.3261006187491683,0,1,0,1,0,0,1,0
1.0,0.8278300460448812,0,1,0,1,0,0,1,0
1.0,1.4467829676680664,0,1,0,1,0,0,1,1
1.0,0.9628694153996753,0,0,1,1,0,1,0,0
1.0,1.3309131685483961,0,0,1,1,0,1,0,0
1.0,2.0665206424028915,0,0,1,1,0,1,0,0
1.0,1.9278538951040343,0,0,1,1,0,1,0,0
1.0,2.6774055451073635,0,0,1,1,0,1,0,0
1.0,1.6610937393159357,0,0,1,1,0,1,0,0
1.0,2.0071100743432106,0,0,1,1,0,1,0,0
1.0,0.9446008835240423,0,0,1,1,0,1,0,1
1.0,0.45827217773089496,0,0,1,0,0,1,0,1
1.0,0.1442828486848468,0,0,1,0,0,1,0,1
1.0,-0.34406209325449033,0,0,1,0,0,1,0,1
1.0,1.8317143082521108,0,0,1,1,0,1,0,1
1.0,0.5397641593028425,0,0,1,1,0,0,1,0
1.0,-0.6815037181350799,1,0,0,0,0,0,1,0
1.0,-0.07061881543060783,1,0,0,0,0,0,1,1
1.0,-0.7105315046275815,1,0,0,0,0,0,1,1
1.0,0.48686905432350575,1,0,0,1,0,0,1,0
1.0,0.3016028568843739,1,0,0,1,0,0,1,0
1.0,0.7441145275425379,1,0,0,1,0,0,1,0
1.0,0.5658659316301878,1,0,0,1,0,0,1,0
1.0,-0.07490627107078378,1,0,0,0,0,0,1,0
1.0,-0.49073946542173674,1,0,0,0,0,0,1,0
1.0,-0.24708587094532322,1,0,0,1,0,0,1,0
1.0,-1.115930763797756,0,0,0,0,0,0,1,0
1.0,0.42939999604838347,0,0,0,1,0,0,1,0
1.0,-0.5055619406161967,0,0,0,0,0,0,1,0
1.0,-1.1280974121655674,0,0,0,0,0,0,1,0
1.0,-1.3658664630183168,0,0,0,0,0,0,1,0
1.0,-1.313536678076919,0,0,0,0,0,0,1,0
1.0,-1.0085965555635257,0,0,0,0,0,0,1,0
1.0,-1.3559848240635426,0,0,0,0,0,0,1,0
1.0,-1.262104340036408,0,0,0,0,0,0,1,0
1.0,1.8385226533089187,0,0,1,0,1,0,1,0
1.0,2.0359014126735087,0,0,1,1,0,1,0,0
1.0,-0.6788787072808202,0,0,1,0,0,0,1,0
1.0,-0.4759898879408547,0,0,1,1,0,0,1,0
1.0,0.18390132059369735,0,0,1,1,0,0,1,0
1.0,-0.8489122786490991,0,0,1,1,0,0,1,0
1.0,0.5010658841926782,0,0,1,1,0,0,1,0
1.0,0.2692623785375953,0,0,1,0,0,1,0,0
1.0,-0.5504740484594556,0,1,0,0,0,0,1,0
1.0,-0.21544500026949337,0,1,0,0,0,0,1,0
1.0,-0.9305439409386305,1,0,0,0,0,0,1,0
1.0,0.632686127083261,1,0,0,1,0,0,1,0
1.0,-1.1525797906494903,1,0,0,0,0,0,1,0
1.0,-1.4023802752087053,1,0,0,0,1,0,1,0
1.0,-0.9305439409386305,1,0,0,0,0,0,1,0
1.0,-0.684131028604927,1,0,0,0,1,0,1,0
1.0,0.26351885675117137,1,0,0,0,0,0,1,0
1.0,0.11220687758372479,1,0,0,0,0,0,1,0
1.0,0.013867749225415737,1,0,0,1,0,0,1,0
1.0,-0.4153023718493376,1,0,0,0,0,0,1,0
1.0,-1.6895588133737192,1,0,0,0,0,0,1,0
1.0,-0.9534596185005033,1,0,0,0,0,0,1,0
1.0,-0.0007466360923582342,1,0,0,0,0,0,1,0
1.0,0.3745038683075079,1,0,0,0,0,0,1,1
1.0,-0.49320479618902496,1,0,0,0,0,0,1,0
1.0,0.560663719207795,1,0,0,1,0,0,1,0
1.0,-1.2780823997238553,1,0,0,0,0,0,1,0
1.0,0.29971009903705875,1,0,0,0,0,0,1,0
1.0,-0.42011243656852404,1,0,0,0,1,0,1,0
1.0,-1.055827054663278,1,0,0,0,0,0,1,0
1.0,-0.1487467425870115,1,0,0,0,0,0,1,0
1.0,-0.2109520036096422,1,0,0,0,0,0,1,0
1.0,-0.13558326259754655,1,0,0,0,1,0,1,0
1.0,-0.7291510969994134,1,0,0,0,0,0,1,0
1.0,-0.9333988433051227,1,0,0,0,0,0,1,0
1.0,-1.055827054663278,1,0,0,0,0,0,1,0
1.0,0.2826213080177964,1,0,0,0,0,0,1,0
1.0,-0.6736355683413284,1,0,0,0,1,0,1,0
1.0,-1.0647661811308726,1,0,0,0,0,0,1,0
1.0,-0.9163100522858604,1,0,0,0,0,0,1,0
1.0,-1.4495047531079353,1,0,0,0,0,0,1,0
1.0,1.056995052057798,1,0,0,0,0,0,1,0
1.0,-0.10509131806804026,1,0,0,0,0,0,1,0
1.0,1.8317143082521108,0,0,0,1,0,0,1,0
1.0,-0.2653173842910525,1,0,0,1,0,0,1,0
1.0,-2.0942327648643495,0,0,0,0,0,0,0,0
1.0,-2.0858319898769735,1,0,0,0,0,0,0,0
1.0,-2.064932429972018,0,0,0,1,0,0,0,0
1.0,0.32046502415094774,0,0,0,1,0,0,1,0
1.0,0.6156941569291917,0,0,0,1,0,0,0,0
1.0,-0.6710174322435611,1,0,0,0,1,0,1,0
1.0,-0.5154844466385704,1,0,0,0,0,0,1,0
1.0,0.6377650016408813,1,0,0,0,0,0,1,0
1.0,0.07978413250875055,1,0,0,0,0,0,1,0
1.0,1.605261517146634,1,0,0,1,0,0,1,0
1.0,0.17799181186484775,1,0,0,1,0,0,0,0
1.0,-0.9620983418317196,1,0,0,0,0,0,0,0
1.0,0.24622199856206145,1,0,0,0,0,0,1,0
1.0,-0.6605676840076065,1,0,0,0,0,0,1,0
1.0,-0.9477142628937416,1,0,0,0,0,0,1,0
1.0,-1.518136459989639,1,0,0,0,0,0,1,0
1.0,-1.0056692008074095,1,0,0,0,1,0,1,0
1.0,1.0199963751984287,0,0,0,1,0,0,1,0
1.0,0.45467831905095574,0,0,0,1,0,0,1,0
1.0,0.43483474481957884,0,0,0,1,0,0,0,0
1.0,-0.036538054257276124,0,0,0,1,0,0,1,0
1.0,-0.011229256724441581,0,0,0,1,0,0,1,0
1.0,-1.0677518207099836,0,0,0,1,0,0,1,0
1.0,0.9246835836413837,0,0,0,1,0,0,0,0
1.0,-0.9852573349777694,0,0,0,0,0,0,1,0
1.0,-1.5883756120573378,0,0,0,0,0,0,1,0
1.0,-1.518136459989639,0,0,0,0,0,0,0,0
1.0,-0.12247730710325441,0,0,0,1,0,0,0,0
1.0,-1.2021524020975034,0,0,0,0,0,0,1,0
1.0,0.2654345864295511,0,0,0,1,0,0,1,0
1.0,-3.2068975913630013,0,0,0,0,0,0,0,0
1.0,-0.5782551496820351,0,0,0,1,0,0,1,0
1.0,-1.6026230246456599,0,0,0,0,0,0,0,0
1.0,1.1511084255489306,0,0,0,1,0,0,1,0
1.0,-0.4153023718493376,0,0,0,1,0,0,1,0
1.0,-1.2021524020975034,0,0,0,0,0,0,1,0
1.0,-1.0203346320331819,0,0,0,1,0,0,0,0
1.0,0.7277439917559094,0,0,0,1,0,0,1,0
1.0,-0.6294351410215919,0,0,0,1,0,0,0,0
1.0,-0.23801150786644898,0,0,0,1,0,0,1,0
1.0,-1.6895588133737192,0,0,0,0,0,0,1,0
1.0,1.6514581496313112,0,0,0,1,0,0,1,0
1.0,-0.007031810679539405,0,0,0,1,0,0,0,0
1.0,-0.2244512373966443,0,0,0,1,0,0,1,0
1.0,-1.678553022272009,0,0,0,0,0,0,1,0
1.0,-1.1280974121655674,0,0,0,0,0,0,1,0
1.0,-0.02385695836783094,0,0,0,1,0,0,1,0
1.0,0.8782093885434551,0,0,0,0,0,0,1,0
1.0,0.4039067970494847,0,0,0,0,0,0,1,0
1.0,-0.9852573349777694,0,0,0,0,0,0,1,0
1.0,-1.4665159995651442,1,0,0,0,0,0,1,0
1.0,-0.8684139943388034,1,0,0,0,0,0,1,0
1.0,-0.8936754187371815,0,0,0,0,0,0,1,0
1.0,-1.284497535238389,0,0,0,0,1,0,1,0
1.0,-0.9078020332195329,0,0,0,0,0,0,1,0
1.0,0.05112381478168434,0,0,0,0,0,0,1,0
1.0,-0.9620983418317196,0,0,0,0,1,0,1,0
1.0,0.9491784596498641,0,0,0,0,0,0,1,0
1.0,0.9216076093106856,0,0,0,0,0,0,1,0
1.0,-1.4904950227580251,0,0,0,0,0,0,1,0
1.0,0.732664542013966,0,1,0,0,0,0,1,0
1.0,-1.0797241907393482,0,1,0,0,0,0,1,0
1.0,-1.7116923065236167,0,0,0,0,1,0,1,0
1.0,0.5116695771818701,0,1,0,1,0,0,1,0
1.0,-0.179688097308562,0,0,0,0,0,0,0,0
1.0,-0.6605676840076065,0,0,0,1,0,0,1,0
1.0,1.0125415498100712,0,0,0,1,0,0,1,0
1.0,2.8212816684695503,0,0,0,1,0,0,1,0
1.0,0.2539218094911995,0,0,0,0,1,0,1,0
1.0,0.11220687758372479,0,0,0,0,0,0,1,0
1.0,-0.9134713632811899,0,0,0,0,0,0,1,0
1.0,0.3466743332358935,0,0,0,1,0,0,1,0
1.0,1.7382560625451895,1,0,0,1,0,0,1,0
1.0,0.013867749225415737,1,0,0,0,1,0,1,0
1.0,0.8071192220523826,0,1,0,1,0,0,1,1
1.0,-0.5130007407330335,0,1,0,0,0,0,1,0
1.0,0.7587719948858084,0,1,0,0,0,0,1,1
1.0,0.3110487692899529,0,1,0,0,0,1,0,1
1.0,0.6980499401744258,0,1,0,1,0,0,1,1
1.0,0.35597956784797613,0,1,0,0,0,0,1,0
1.0,0.32234473258573765,0,1,0,1,0,0,1,0
1.0,-0.0964359737934621,0,1,0,0,0,0,1,0
1.0,-0.7938818409277052,0,1,0,0,0,0,1,0
1.0,0.1342959106864865,0,1,0,1,0,0,1,0
1.0,-0.017536461382465503,0,1,0,0,0,0,1,0
1.0,0.5968911191015959,0,1,0,1,0,0,1,0
1.0,0.6478970204314631,0,1,0,1,0,0,1,0
1.0,-0.0964359737934621,0,1,0,1,0,0,1,0
1.0,-0.33468997716016496,0,1,0,0,1,0,1,0
1.0,-1.518136459989639,0,1,0,0,0,0,1,0
1.0,0.6191002614514987,0,1,0,1,0,0,1,0
1.0,0.6071619329396011,0,1,0,1,0,0,1,0
1.0,-0.16196825427023828,0,1,0,0,0,1,0,0
1.0,0.8594161695988435,0,1,0,1,0,0,1,0
1.0,1.3039428904802708,0,1,0,1,0,1,0,0
1.0,1.0716676581806919,0,1,0,1,0,0,1,0
1.0,0.9061802362511094,0,1,0,1,0,0,1,0
1.0,0.9915689139262749,0,1,0,1,0,0,1,0
1.0,-1.5741955633735034,0,1,0,0,0,0,1,0
1.0,-0.09211765093142621,0,1,0,0,0,0,1,0
1.0,0.5762433631245432,0,1,0,1,0,0,1,1
1.0,0.35039989236035846,0,1,0,1,0,0,1,0
1.0,-0.2109520036096422,0,1,0,0,0,0,1,1
1.0,0.005525394167515368,0,0,0,1,0,0,0,0
1.0,-1.0439495155365006,0,0,0,0,1,0,1,0
1.0,-0.5935176493369195,0,0,0,0,0,0,1,0
1.0,0.5537133691456577,0,0,0,1,0,0,1,0
1.0,-1.3494151068481672,0,0,0,0,0,0,1,0
1.0,1.4364323975683355,0,0,0,1,0,0,1,0
1.0,-0.8712103345968949,0,0,0,0,1,0,1,1
1.0,0.5275051507203893,0,0,0,1,0,0,1,0
1.0,-1.2780823997238553,0,0,0,1,0,0,0,0
1.0,-0.20646572796450588,0,0,0,1,0,0,1,0
1.0,0.45647578671610334,0,0,0,1,0,0,0,0
1.0,0.10008938752516042,0,0,0,0,0,0,0,0
1.0,-0.040777029817443584,0,0,0,1,0,0,0,0
1.0,-3.1705447255453842,0,0,0,0,0,0,0,0
1.0,-0.3558185752223942,0,0,0,1,0,0,0,0
1.0,0.23656935196251208,1,0,0,1,0,0,1,0
1.0,-0.20198615325635774,1,0,0,1,0,0,1,0
1.0,0.094012233045471,1,0,0,1,0,0,1,0
1.0,0.15622344060750373,1,0,0,1,0,0,1,0
1.0,0.3965830456455466,0,1,0,1,0,0,1,0
1.0,0.06548820964990788,1,0,0,1,0,0,1,0
1.0,-0.3206864900394033,1,0,0,1,0,0,1,0
1.0,0.23463508894188267,0,1,0,1,0,0,1,0
1.0,0.5415113627950371,0,1,0,1,0,0,1,0
1.0,0.4600674933843442,0,1,0,1,0,0,1,0
1.0,0.3466743332358935,0,1,0,1,0,0,1,0
1.0,0.6847576205335283,0,1,0,1,0,0,1,0
1.0,1.437728174088612,0,1,0,1,0,0,1,0
1.0,-1.1525797906494903,0,0,0,0,0,0,1,0
1.0,-0.32768006035084846,0,0,0,1,0,0,1,0
1.0,-2.271847205986197,0,0,0,0,0,0,0,0
1.0,-2.413490156357599,0,0,0,0,0,0,0,0
1.0,0.40024715692542495,0,0,0,1,0,0,1,0
1.0,-2.0276763644157496,0,0,0,0,0,0,0,0
1.0,-0.0791998648027337,0,0,0,1,0,0,1,0
1.0,-1.2780823997238553,0,0,0,1,0,0,0,0
1.0,0.6462107259200557,0,1,0,0,0,1,0,1
1.0,0.41485899927414555,0,1,0,0,0,1,0,0
1.0,0.37635002084935476,1,0,0,0,0,0,1,0
1.0,0.4474776560251773,1,0,0,0,0,0,1,0
1.0,0.11824731207186807,1,0,0,0,0,1,0,0
1.0,-0.5080394911160622,1,0,0,0,1,0,1,0
1.0,0.42213831039521393,0,0,1,0,0,0,1,0
1.0,-0.06419910257721143,0,0,1,0,0,0,1,0
1.0,0.9384865598781325,0,0,1,0,0,1,0,1
1.0,0.7457466770846057,0,0,1,0,0,1,0,1
1.0,0.3298518071175487,1,0,0,0,0,0,0,0
1.0,-0.13996467274062338,1,0,0,0,1,0,1,0
1.0,-0.2836604060567705,0,0,0,1,0,0,1,0
1.0,-1.4836242873141827,1,0,0,0,0,0,1,0
1.0,0.42577135106908226,1,0,0,0,0,0,1,0
1.0,-2.4654030525201747,0,0,0,0,1,0,0,0
1.0,-0.8157729943974942,0,0,0,1,0,0,0,0
1.0,-0.157554604158667,1,0,0,0,0,0,1,0
1.0,-0.8157729943974942,0,0,0,1,0,0,0,0
1.0,-0.8157729943974942,0,0,0,1,0,0,0,0
1.0,-0.8157729943974942,0,0,0,1,0,0,0,0
1.0,-0.8157729943974942,0,0,0,1,0,0,0,0
1.0,-0.4735386620508,1,0,0,0,0,0,1,0
1.0,-1.1710736295789785,1,0,0,0,1,0,1,0
1.0,0.9990759884580859,1,0,0,1,0,0,1,0
