Id,SalePrice
1461,1.22E+05
1462,1.52E+05
1463,1.85E+05
1464,1.98E+05
1465,2.02E+05
1466,1.72E+05
1467,1.77E+05
1468,1.61E+05
1469,1.97E+05
1470,1.22E+05
1471,1.76E+05
1472,9.74E+04
1473,9.58E+04
1474,1.43E+05
1475,1.06E+05
1476,3.63E+05
1477,2.52E+05
1478,3.09E+05
1479,3.03E+05
1480,4.92E+05
1481,3.28E+05
1482,2.13E+05
1483,1.83E+05
1484,1.61E+05
1485,1.93E+05
1486,1.91E+05
1487,3.45E+05
1488,2.35E+05
1489,1.94E+05
1490,2.47E+05
1491,1.97E+05
1492,9.75E+04
1493,1.89E+05
1494,3.03E+05
1495,2.90E+05
1496,2.35E+05
1497,1.84E+05
1498,1.88E+05
1499,1.72E+05
1500,1.61E+05
1501,1.78E+05
1502,1.42E+05
1503,2.96E+05
1504,2.40E+05
1505,2.28E+05
1506,1.89E+05
1507,2.45E+05
1508,2.03E+05
1509,1.59E+05
1510,1.46E+05
1511,1.66E+05
1512,1.73E+05
1513,1.51E+05
1514,1.57E+05
1515,1.90E+05
1516,1.56E+05
1517,1.73E+05
1518,1.32E+05
1519,2.07E+05
1520,1.27E+05
1521,1.33E+05
1522,1.78E+05
1523,1.16E+05
1524,1.27E+05
1525,1.18E+05
1526,1.12E+05
1527,1.12E+05
1528,1.34E+05
1529,1.56E+05
1530,1.90E+05
1531,1.11E+05
1532,9.49E+04
1533,1.51E+05
1534,1.27E+05
1535,1.45E+05
1536,1.06E+05
1537,6.06E+04
1538,1.51E+05
1539,1.97E+05
1540,8.85E+04
1541,1.40E+05
1542,1.51E+05
1543,1.80E+05
1544,8.85E+04
1545,1.20E+05
1546,1.40E+05
1547,1.34E+05
1548,1.43E+05
1549,1.23E+05
1550,1.38E+05
1551,1.04E+05
1552,1.39E+05
1553,1.45E+05
1554,1.16E+05
1555,1.67E+05
1556,8.43E+04
1557,1.15E+05
1558,1.04E+05
1559,6.21E+04
1560,1.28E+05
1561,1.23E+05
1562,1.31E+05
1563,1.20E+05
1564,1.60E+05
1565,1.57E+05
1566,2.44E+05
1567,8.02E+04
1568,2.43E+05
1569,1.34E+05
1570,1.35E+05
1571,1.15E+05
1572,1.41E+05
1573,2.29E+05
1574,1.19E+05
1575,2.40E+05
1576,2.35E+05
1577,1.79E+05
1578,1.49E+05
1579,1.53E+05
1580,1.97E+05
1581,1.57E+05
1582,1.27E+05
1583,2.85E+05
1584,2.17E+05
1585,1.35E+05
1586,7.22E+04
1587,1.12E+05
1588,1.52E+05
1589,9.82E+04
1590,1.29E+05
1591,9.28E+04
1592,1.19E+05
1593,1.29E+05
1594,1.27E+05
1595,1.13E+05
1596,2.15E+05
1597,2.05E+05
1598,2.33E+05
1599,1.67E+05
1600,1.58E+05
1601,6.70E+04
1602,1.19E+05
1603,6.47E+04
1604,2.61E+05
1605,2.33E+05
1606,1.64E+05
1607,1.76E+05
1608,2.18E+05
1609,1.82E+05
1610,1.55E+05
1611,1.39E+05
1612,1.74E+05
1613,1.66E+05
1614,1.25E+05
1615,9.26E+04
1616,7.91E+04
1617,9.25E+04
1618,1.36E+05
1619,1.41E+05
1620,1.48E+05
1621,1.35E+05
1622,1.45E+05
1623,2.51E+05
1624,2.05E+05
1625,1.16E+05
1626,1.71E+05
1627,1.95E+05
1628,2.76E+05
1629,1.83E+05
1630,3.53E+05
1631,2.38E+05
1632,2.54E+05
1633,1.75E+05
1634,1.86E+05
1635,1.73E+05
1636,1.52E+05
1637,2.09E+05
1638,1.77E+05
1639,1.88E+05
1640,2.41E+05
1641,1.84E+05
1642,2.52E+05
1643,2.17E+05
1644,2.44E+05
1645,1.99E+05
1646,1.57E+05
1647,1.59E+05
1648,1.29E+05
1649,1.41E+05
1650,1.14E+05
1651,1.19E+05
1652,9.83E+04
1653,9.99E+04
1654,1.45E+05
1655,1.28E+05
1656,1.41E+05
1657,1.50E+05
1658,1.46E+05
1659,1.16E+05
1660,1.56E+05
1661,4.38E+05
1662,4.00E+05
1663,3.82E+05
1664,5.13E+05
1665,3.14E+05
1666,3.26E+05
1667,3.83E+05
1668,3.59E+05
1669,3.17E+05
1670,3.56E+05
1671,2.67E+05
1672,4.20E+05
1673,2.89E+05
1674,2.40E+05
1675,2.01E+05
1676,1.98E+05
1677,2.23E+05
1678,4.61E+05
1679,3.98E+05
1680,3.30E+05
1681,2.52E+05
1682,3.27E+05
1683,1.87E+05
1684,1.75E+05
1685,1.74E+05
1686,1.67E+05
1687,1.72E+05
1688,1.85E+05
1689,1.92E+05
1690,1.95E+05
1691,1.85E+05
1692,2.59E+05
1693,1.71E+05
1694,1.84E+05
1695,1.68E+05
1696,2.69E+05
1697,1.73E+05
1698,3.46E+05
1699,3.19E+05
1700,2.63E+05
1701,2.74E+05
1702,2.41E+05
1703,2.39E+05
1704,2.70E+05
1705,2.37E+05
1706,2.53E+05
1707,2.12E+05
1708,2.04E+05
1709,2.60E+05
1710,2.20E+05
1711,2.81E+05
1712,2.53E+05
1713,2.83E+05
1714,2.28E+05
1715,2.11E+05
1716,1.84E+05
1717,1.77E+05
1718,1.40E+05
1719,2.12E+05
1720,2.24E+05
1721,1.53E+05
1722,1.22E+05
1723,1.50E+05
1724,2.03E+05
1725,2.39E+05
1726,1.85E+05
1727,1.56E+05
1728,1.65E+05
1729,1.71E+05
1730,1.51E+05
1731,1.16E+05
1732,1.26E+05
1733,1.10E+05
1734,1.21E+05
1735,1.14E+05
1736,1.04E+05
1737,2.89E+05
1738,2.70E+05
1739,2.31E+05
1740,2.15E+05
1741,1.92E+05
1742,1.74E+05
1743,1.80E+05
1744,3.66E+05
1745,2.17E+05
1746,1.86E+05
1747,2.20E+05
1748,2.16E+05
1749,1.42E+05
1750,1.24E+05
1751,2.45E+05
1752,1.14E+05
1753,1.53E+05
1754,1.91E+05
1755,1.68E+05
1756,1.26E+05
1757,1.22E+05
1758,1.49E+05
1759,1.66E+05
1760,1.65E+05
1761,1.47E+05
1762,1.81E+05
1763,1.92E+05
1764,1.18E+05
1765,1.58E+05
1766,1.94E+05
1767,2.19E+05
1768,1.41E+05
1769,1.69E+05
1770,1.53E+05
1771,1.19E+05
1772,1.30E+05
1773,1.23E+05
1774,1.40E+05
1775,1.44E+05
1776,1.35E+05
1777,1.08E+05
1778,1.41E+05
1779,1.33E+05
1780,1.75E+05
1781,1.26E+05
1782,8.72E+04
1783,1.43E+05
1784,1.09E+05
1785,1.26E+05
1786,1.38E+05
1787,1.58E+05
1788,6.28E+04
1789,9.82E+04
1790,8.21E+04
1791,1.79E+05
1792,1.59E+05
1793,1.28E+05
1794,1.55E+05
1795,1.37E+05
1796,1.30E+05
1797,1.12E+05
1798,1.20E+05
1799,1.09E+05
1800,1.34E+05
1801,1.30E+05
1802,1.33E+05
1803,1.50E+05
1804,1.37E+05
1805,1.33E+05
1806,1.22E+05
1807,1.35E+05
1808,1.27E+05
1809,1.28E+05
1810,1.38E+05
1811,9.43E+04
1812,1.03E+05
1813,1.38E+05
1814,1.00E+05
1815,5.59E+04
1816,1.00E+05
1817,1.09E+05
1818,1.46E+05
1819,1.25E+05
1820,4.82E+04
1821,1.15E+05
1822,1.52E+05
1823,4.29E+04
1824,1.27E+05
1825,1.42E+05
1826,1.08E+05
1827,1.05E+05
1828,1.35E+05
1829,1.25E+05
1830,1.39E+05
1831,1.44E+05
1832,6.94E+04
1833,1.41E+05
1834,1.17E+05
1835,1.13E+05
1836,1.24E+05
1837,8.67E+04
1838,1.28E+05
1839,1.01E+05
1840,1.43E+05
1841,1.32E+05
1842,9.59E+04
1843,1.30E+05
1844,1.47E+05
1845,1.45E+05
1846,1.58E+05
1847,1.84E+05
1848,5.53E+04
1849,1.09E+05
1850,1.18E+05
1851,1.48E+05
1852,1.29E+05
1853,1.22E+05
1854,1.64E+05
1855,1.60E+05
1856,2.26E+05
1857,1.28E+05
1858,1.34E+05
1859,1.17E+05
1860,1.49E+05
1861,1.16E+05
1862,3.17E+05
1863,2.93E+05
1864,2.93E+05
1865,3.52E+05
1866,3.29E+05
1867,2.20E+05
1868,2.80E+05
1869,2.01E+05
1870,2.21E+05
1871,2.57E+05
1872,1.75E+05
1873,2.44E+05
1874,1.59E+05
1875,2.04E+05
1876,2.05E+05
1877,2.09E+05
1878,2.01E+05
1879,1.32E+05
1880,1.29E+05
1881,2.48E+05
1882,2.36E+05
1883,1.84E+05
1884,2.05E+05
1885,2.28E+05
1886,2.80E+05
1887,2.16E+05
1888,2.64E+05
1889,1.73E+05
1890,1.09E+05
1891,1.27E+05
1892,9.58E+04
1893,1.33E+05
1894,1.23E+05
1895,1.34E+05
1896,1.27E+05
1897,1.21E+05
1898,1.10E+05
1899,1.68E+05
1900,1.50E+05
1901,1.85E+05
1902,1.65E+05
1903,2.19E+05
1904,1.46E+05
1905,1.99E+05
1906,1.31E+05
1907,2.15E+05
1908,1.09E+05
1909,1.31E+05
1910,1.19E+05
1911,2.33E+05
1912,3.55E+05
1913,1.32E+05
1914,5.23E+04
1915,3.14E+05
1916,7.01E+04
1917,2.27E+05
1918,1.41E+05
1919,1.75E+05
1920,1.59E+05
1921,3.73E+05
1922,3.22E+05
1923,2.41E+05
1924,2.26E+05
1925,1.97E+05
1926,3.67E+05
1927,1.31E+05
1928,1.64E+05
1929,1.24E+05
1930,1.35E+05
1931,1.39E+05
1932,1.39E+05
1933,2.04E+05
1934,1.83E+05
1935,1.72E+05
1936,1.99E+05
1937,1.86E+05
1938,1.72E+05
1939,2.47E+05
1940,1.95E+05
1941,1.68E+05
1942,1.78E+05
1943,2.25E+05
1944,3.87E+05
1945,4.16E+05
1946,1.29E+05
1947,2.02E+05
1948,1.70E+05
1949,2.53E+05
1950,1.85E+05
1951,2.31E+05
1952,1.98E+05
1953,1.66E+05
1954,1.81E+05
1955,1.36E+05
1956,3.00E+05
1957,1.49E+05
1958,2.64E+05
1959,1.44E+05
1960,1.14E+05
1961,1.23E+05
1962,9.76E+04
1963,1.06E+05
1964,1.06E+05
1965,1.40E+05
1966,1.36E+05
1967,3.03E+05
1968,4.13E+05
1969,3.86E+05
1970,4.03E+05
1971,4.87E+05
1972,3.75E+05
1973,2.76E+05
1974,3.42E+05
1975,5.98E+05
1976,2.74E+05
1977,3.53E+05
1978,3.45E+05
1979,3.27E+05
1980,2.10E+05
1981,3.43E+05
1982,2.20E+05
1983,2.06E+05
1984,1.70E+05
1985,2.27E+05
1986,2.10E+05
1987,1.85E+05
1988,1.72E+05
1989,1.88E+05
1990,2.03E+05
1991,2.33E+05
1992,2.13E+05
1993,1.66E+05
1994,2.23E+05
1995,1.81E+05
1996,2.54E+05
1997,3.16E+05
1998,3.09E+05
1999,2.96E+05
2000,3.22E+05
2001,2.95E+05
2002,2.37E+05
2003,2.47E+05
2004,2.83E+05
2005,2.24E+05
2006,2.21E+05
2007,2.50E+05
2008,2.22E+05
2009,2.06E+05
2010,1.93E+05
2011,1.38E+05
2012,1.74E+05
2013,1.78E+05
2014,1.84E+05
2015,2.09E+05
2016,1.94E+05
2017,1.93E+05
2018,1.11E+05
2019,1.33E+05
2020,9.61E+04
2021,9.73E+04
2022,1.94E+05
2023,1.50E+05
2024,2.83E+05
2025,3.53E+05
2026,1.76E+05
2027,1.66E+05
2028,1.57E+05
2029,1.74E+05
2030,2.62E+05
2031,2.26E+05
2032,2.50E+05
2033,2.48E+05
2034,1.80E+05
2035,2.29E+05
2036,2.02E+05
2037,2.29E+05
2038,3.55E+05
2039,2.30E+05
2040,2.78E+05
2041,3.39E+05
2042,2.10E+05
2043,1.77E+05
2044,1.69E+05
2045,2.05E+05
2046,1.61E+05
2047,1.46E+05
2048,1.40E+05
2049,1.44E+05
2050,1.70E+05
2051,1.01E+05
2052,1.23E+05
2053,1.49E+05
2054,9.26E+04
2055,1.59E+05
2056,1.49E+05
2057,1.09E+05
2058,2.12E+05
2059,1.33E+05
2060,1.78E+05
2061,1.70E+05
2062,1.29E+05
2063,1.21E+05
2064,1.38E+05
2065,1.18E+05
2066,1.69E+05
2067,1.00E+05
2068,1.52E+05
2069,8.75E+04
2070,1.18E+05
2071,9.37E+04
2072,1.37E+05
2073,1.25E+05
2074,1.69E+05
2075,1.49E+05
2076,1.16E+05
2077,1.59E+05
2078,1.24E+05
2079,1.30E+05
2080,1.20E+05
2081,1.28E+05
2082,1.21E+05
2083,1.52E+05
2084,1.08E+05
2085,1.17E+05
2086,1.11E+05
2087,1.22E+05
2088,9.37E+04
2089,8.02E+04
2090,1.19E+05
2091,1.14E+05
2092,1.23E+05
2093,1.13E+05
2094,1.08E+05
2095,1.53E+05
2096,8.79E+04
2097,9.78E+04
2098,1.57E+05
2099,5.25E+04
2100,7.01E+04
2101,1.12E+05
2102,1.20E+05
2103,1.08E+05
2104,1.31E+05
2105,1.32E+05
2106,7.16E+04
2107,1.79E+05
2108,1.19E+05
2109,1.14E+05
2110,1.20E+05
2111,1.33E+05
2112,1.38E+05
2113,1.23E+05
2114,1.25E+05
2115,1.66E+05
2116,1.12E+05
2117,1.49E+05
2118,1.26E+05
2119,1.17E+05
2120,1.09E+05
2121,1.24E+05
2122,1.21E+05
2123,8.20E+04
2124,1.56E+05
2125,1.18E+05
2126,1.55E+05
2127,1.69E+05
2128,1.21E+05
2129,8.54E+04
2130,1.37E+05
2131,1.34E+05
2132,1.07E+05
2133,1.24E+05
2134,1.20E+05
2135,1.04E+05
2136,8.16E+04
2137,1.07E+05
2138,1.39E+05
2139,1.48E+05
2140,1.37E+05
2141,1.65E+05
2142,1.29E+05
2143,1.53E+05
2144,1.22E+05
2145,1.40E+05
2146,1.79E+05
2147,1.47E+05
2148,1.28E+05
2149,1.40E+05
2150,2.44E+05
2151,1.15E+05
2152,1.70E+05
2153,1.60E+05
2154,1.03E+05
2155,1.34E+05
2156,2.49E+05
2157,2.24E+05
2158,2.43E+05
2159,2.20E+05
2160,1.82E+05
2161,2.30E+05
2162,3.86E+05
2163,3.49E+05
2164,2.48E+05
2165,2.08E+05
2166,1.64E+05
2167,2.17E+05
2168,2.01E+05
2169,1.94E+05
2170,2.14E+05
2171,1.64E+05
2172,1.32E+05
2173,1.91E+05
2174,2.19E+05
2175,2.79E+05
2176,3.09E+05
2177,2.34E+05
2178,2.10E+05
2179,1.35E+05
2180,2.15E+05
2181,1.95E+05
2182,2.29E+05
2183,1.90E+05
2184,1.17E+05
2185,1.28E+05
2186,1.44E+05
2187,1.48E+05
2188,1.53E+05
2189,2.82E+05
2190,7.79E+04
2191,7.75E+04
2192,8.70E+04
2193,1.13E+05
2194,1.00E+05
2195,1.02E+05
2196,1.04E+05
2197,1.18E+05
2198,1.62E+05
2199,1.86E+05
2200,1.46E+05
2201,1.47E+05
2202,2.19E+05
2203,1.34E+05
2204,1.86E+05
2205,1.28E+05
2206,1.41E+05
2207,2.17E+05
2208,2.77E+05
2209,2.62E+05
2210,1.21E+05
2211,1.21E+05
2212,1.24E+05
2213,1.09E+05
2214,1.38E+05
2215,1.04E+05
2216,1.53E+05
2217,6.53E+04
2218,6.94E+04
2219,6.33E+04
2220,5.62E+04
2221,3.15E+05
2222,2.90E+05
2223,2.81E+05
2224,2.04E+05
2225,1.17E+05
2226,1.79E+05
2227,1.90E+05
2228,2.68E+05
2229,2.52E+05
2230,1.57E+05
2231,2.11E+05
2232,1.81E+05
2233,1.83E+05
2234,2.39E+05
2235,2.20E+05
2236,2.49E+05
2237,2.96E+05
2238,1.94E+05
2239,1.09E+05
2240,1.50E+05
2241,1.60E+05
2242,1.20E+05
2243,1.30E+05
2244,1.04E+05
2245,9.82E+04
2246,1.39E+05
2247,1.14E+05
2248,1.16E+05
2249,1.14E+05
2250,1.27E+05
2251,1.08E+05
2252,1.85E+05
2253,1.56E+05
2254,1.83E+05
2255,1.85E+05
2256,1.70E+05
2257,2.10E+05
2258,1.55E+05
2259,1.73E+05
2260,1.47E+05
2261,2.03E+05
2262,2.17E+05
2263,3.99E+05
2264,5.26E+05
2265,1.71E+05
2266,3.20E+05
2267,3.72E+05
2268,4.68E+05
2269,1.50E+05
2270,1.97E+05
2271,2.10E+05
2272,1.90E+05
2273,1.58E+05
2274,1.82E+05
2275,1.55E+05
2276,1.89E+05
2277,1.84E+05
2278,1.51E+05
2279,1.32E+05
2280,1.13E+05
2281,1.60E+05
2282,1.80E+05
2283,1.10E+05
2284,1.16E+05
2285,1.37E+05
2286,1.23E+05
2287,3.79E+05
2288,2.83E+05
2289,3.67E+05
2290,4.54E+05
2291,3.47E+05
2292,4.55E+05
2293,4.80E+05
2294,4.00E+05
2295,4.95E+05
2296,2.81E+05
2297,3.66E+05
2298,3.62E+05
2299,3.46E+05
2300,3.36E+05
2301,3.32E+05
2302,2.57E+05
2303,2.50E+05
2304,2.52E+05
2305,2.01E+05
2306,1.94E+05
2307,2.05E+05
2308,2.32E+05
2309,2.89E+05
2310,2.12E+05
2311,2.03E+05
2312,1.76E+05
2313,1.71E+05
2314,1.76E+05
2315,1.80E+05
2316,1.97E+05
2317,1.93E+05
2318,1.80E+05
2319,1.84E+05
2320,1.84E+05
2321,2.36E+05
2322,1.81E+05
2323,1.99E+05
2324,1.83E+05
2325,2.13E+05
2326,1.77E+05
2327,1.98E+05
2328,2.16E+05
2329,1.95E+05
2330,1.81E+05
2331,3.38E+05
2332,3.97E+05
2333,3.21E+05
2334,2.62E+05
2335,2.96E+05
2336,3.01E+05
2337,1.96E+05
2338,2.56E+05
2339,2.14E+05
2340,3.86E+05
2341,2.07E+05
2342,2.33E+05
2343,2.29E+05
2344,2.11E+05
2345,2.26E+05
2346,2.13E+05
2347,2.00E+05
2348,2.46E+05
2349,1.93E+05
2350,3.20E+05
2351,2.65E+05
2352,2.52E+05
2353,2.40E+05
2354,1.45E+05
2355,1.46E+05
2356,1.45E+05
2357,1.85E+05
2358,2.03E+05
2359,1.37E+05
2360,1.13E+05
2361,1.47E+05
2362,2.53E+05
2363,1.33E+05
2364,1.47E+05
2365,2.09E+05
2366,1.93E+05
2367,2.23E+05
2368,2.18E+05
2369,2.17E+05
2370,1.72E+05
2371,1.64E+05
2372,1.97E+05
2373,2.95E+05
2374,3.26E+05
2375,2.44E+05
2376,2.85E+05
2377,3.26E+05
2378,1.52E+05
2379,1.99E+05
2380,1.53E+05
2381,1.71E+05
2382,2.08E+05
2383,1.98E+05
2384,2.36E+05
2385,1.57E+05
2386,1.30E+05
2387,1.35E+05
2388,1.02E+05
2389,1.12E+05
2390,1.55E+05
2391,1.44E+05
2392,1.16E+05
2393,1.71E+05
2394,1.42E+05
2395,2.13E+05
2396,1.39E+05
2397,2.25E+05
2398,1.29E+05
2399,6.91E+04
2400,6.78E+04
2401,1.29E+05
2402,1.39E+05
2403,1.49E+05
2404,1.58E+05
2405,1.57E+05
2406,1.39E+05
2407,1.21E+05
2408,1.42E+05
2409,1.16E+05
2410,1.72E+05
2411,1.12E+05
2412,1.57E+05
2413,1.31E+05
2414,1.80E+05
2415,1.34E+05
2416,1.28E+05
2417,1.37E+05
2418,1.36E+05
2419,1.28E+05
2420,1.19E+05
2421,1.65E+05
2422,1.04E+05
2423,1.16E+05
2424,1.54E+05
2425,1.78E+05
2426,1.30E+05
2427,1.27E+05
2428,1.85E+05
2429,1.10E+05
2430,1.31E+05
2431,1.10E+05
2432,1.51E+05
2433,1.46E+05
2434,1.37E+05
2435,1.53E+05
2436,1.09E+05
2437,1.02E+05
2438,1.22E+05
2439,9.76E+04
2440,1.23E+05
2441,8.81E+04
2442,9.48E+04
2443,1.31E+05
2444,1.31E+05
2445,9.18E+04
2446,1.35E+05
2447,1.77E+05
2448,1.26E+05
2449,1.08E+05
2450,1.57E+05
2451,1.09E+05
2452,1.95E+05
2453,9.36E+04
2454,1.22E+05
2455,1.15E+05
2456,1.46E+05
2457,1.43E+05
2458,1.32E+05
2459,1.11E+05
2460,1.42E+05
2461,1.32E+05
2462,1.35E+05
2463,1.29E+05
2464,1.72E+05
2465,1.40E+05
2466,1.20E+05
2467,1.20E+05
2468,8.82E+04
2469,8.76E+04
2470,2.03E+05
2471,2.29E+05
2472,1.61E+05
2473,1.22E+05
2474,7.19E+04
2475,2.06E+05
2476,1.19E+05
2477,1.31E+05
2478,1.58E+05
2479,1.08E+05
2480,1.49E+05
2481,1.18E+05
2482,1.19E+05
2483,1.07E+05
2484,1.17E+05
2485,1.27E+05
2486,1.55E+05
2487,1.60E+05
2488,1.65E+05
2489,1.57E+05
2490,1.46E+05
2491,9.00E+04
2492,2.07E+05
2493,1.58E+05
2494,1.46E+05
2495,8.95E+04
2496,2.41E+05
2497,1.51E+05
2498,1.10E+05
2499,8.46E+04
2500,1.30E+05
2501,1.39E+05
2502,1.42E+05
2503,1.00E+05
2504,1.99E+05
2505,2.31E+05
2506,2.45E+05
2507,2.76E+05
2508,2.44E+05
2509,2.17E+05
2510,2.15E+05
2511,1.72E+05
2512,2.09E+05
2513,2.23E+05
2514,2.82E+05
2515,1.56E+05
2516,1.77E+05
2517,1.52E+05
2518,1.61E+05
2519,2.40E+05
2520,2.21E+05
2521,1.85E+05
2522,2.22E+05
2523,1.13E+05
2524,1.35E+05
2525,1.53E+05
2526,1.45E+05
2527,1.19E+05
2528,1.32E+05
2529,1.43E+05
2530,1.31E+05
2531,2.57E+05
2532,2.23E+05
2533,1.92E+05
2534,2.37E+05
2535,2.82E+05
2536,2.33E+05
2537,2.50E+05
2538,1.81E+05
2539,1.85E+05
2540,1.80E+05
2541,1.78E+05
2542,1.64E+05
2543,1.16E+05
2544,1.16E+05
2545,1.37E+05
2546,1.20E+05
2547,1.26E+05
2548,1.49E+05
2549,1.53E+05
2550,6.46E+05
2551,1.41E+05
2552,1.29E+05
2553,7.18E+04
2554,8.90E+04
2555,1.12E+05
2556,9.51E+04
2557,1.01E+05
2558,1.34E+05
2559,1.50E+05
2560,1.56E+05
2561,1.45E+05
2562,1.46E+05
2563,1.52E+05
2564,2.04E+05
2565,1.43E+05
2566,1.63E+05
2567,1.44E+05
2568,2.00E+05
2569,2.42E+05
2570,1.15E+05
2571,2.02E+05
2572,1.47E+05
2573,2.23E+05
2574,3.57E+05
2575,1.34E+05
2576,1.18E+05
2577,1.45E+05
2578,7.78E+04
2579,5.39E+04
2580,7.70E+04
2581,8.89E+04
2582,9.51E+04
2583,2.87E+05
2584,1.79E+05
2585,1.85E+05
2586,2.17E+05
2587,1.94E+05
2588,1.41E+05
2589,1.49E+05
2590,1.93E+05
2591,2.40E+05
2592,2.11E+05
2593,2.44E+05
2594,1.83E+05
2595,2.01E+05
2596,2.77E+05
2597,1.87E+05
2598,2.80E+05
2599,3.55E+05
2600,1.61E+05
2601,1.39E+05
2602,8.23E+04
2603,9.16E+04
2604,8.95E+04
2605,7.96E+04
2606,1.43E+05
2607,1.98E+05
2608,1.85E+05
2609,1.70E+05
2610,1.05E+05
2611,1.26E+05
2612,1.63E+05
2613,1.25E+05
2614,1.21E+05
2615,1.53E+05
2616,1.42E+05
2617,1.86E+05
2618,1.93E+05
2619,1.97E+05
2620,1.86E+05
2621,1.74E+05
2622,1.76E+05
2623,2.34E+05
2624,3.00E+05
2625,2.91E+05
2626,1.72E+05
2627,1.66E+05
2628,5.41E+05
2629,5.25E+05
2630,3.97E+05
2631,4.94E+05
2632,4.25E+05
2633,3.18E+05
2634,4.55E+05
2635,1.52E+05
2636,1.69E+05
2637,1.74E+05
2638,2.58E+05
2639,1.88E+05
2640,1.44E+05
2641,1.02E+05
2642,1.83E+05
2643,1.06E+05
2644,1.14E+05
2645,1.11E+05
2646,9.48E+04
2647,1.04E+05
2648,1.41E+05
2649,1.60E+05
2650,1.27E+05
2651,1.39E+05
2652,4.02E+05
2653,2.58E+05
2654,2.70E+05
2655,4.22E+05
2656,3.28E+05
2657,3.53E+05
2658,3.16E+05
2659,3.08E+05
2660,3.72E+05
2661,3.57E+05
2662,3.78E+05
2663,2.88E+05
2664,2.83E+05
2665,3.37E+05
2666,2.83E+05
2667,1.73E+05
2668,1.78E+05
2669,1.84E+05
2670,2.66E+05
2671,1.85E+05
2672,1.95E+05
2673,1.97E+05
2674,1.95E+05
2675,1.72E+05
2676,1.89E+05
2677,2.00E+05
2678,2.32E+05
2679,2.80E+05
2680,2.94E+05
2681,3.96E+05
2682,3.15E+05
2683,5.17E+05
2684,3.14E+05
2685,3.29E+05
2686,2.41E+05
2687,2.99E+05
2688,2.14E+05
2689,2.08E+05
2690,4.03E+05
2691,1.93E+05
2692,1.46E+05
2693,2.02E+05
2694,1.35E+05
2695,1.91E+05
2696,1.82E+05
2697,1.86E+05
2698,1.84E+05
2699,1.72E+05
2700,1.54E+05
2701,1.42E+05
2702,1.05E+05
2703,1.18E+05
2704,1.41E+05
2705,1.13E+05
2706,1.02E+05
2707,1.13E+05
2708,1.32E+05
2709,1.01E+05
2710,1.26E+05
2711,2.76E+05
2712,3.97E+05
2713,1.70E+05
2714,1.48E+05
2715,1.71E+05
2716,1.42E+05
2717,1.99E+05
2718,2.18E+05
2719,1.55E+05
2720,1.72E+05
2721,1.31E+05
2722,1.58E+05
2723,1.36E+05
2724,1.26E+05
2725,1.27E+05
2726,1.49E+05
2727,1.73E+05
2728,1.89E+05
2729,1.49E+05
2730,1.51E+05
2731,1.29E+05
2732,1.33E+05
2733,1.59E+05
2734,1.34E+05
2735,1.39E+05
2736,1.38E+05
2737,1.21E+05
2738,1.36E+05
2739,1.53E+05
2740,1.35E+05
2741,1.48E+05
2742,1.56E+05
2743,1.61E+05
2744,1.62E+05
2745,1.39E+05
2746,1.41E+05
2747,1.50E+05
2748,1.26E+05
2749,1.27E+05
2750,1.24E+05
2751,1.36E+05
2752,1.90E+05
2753,1.47E+05
2754,1.96E+05
2755,1.41E+05
2756,9.41E+04
2757,7.26E+04
2758,8.77E+04
2759,1.75E+05
2760,1.25E+05
2761,1.39E+05
2762,1.39E+05
2763,1.85E+05
2764,1.46E+05
2765,2.84E+05
2766,1.25E+05
2767,8.81E+04
2768,1.27E+05
2769,1.32E+05
2770,1.32E+05
2771,9.93E+04
2772,1.09E+05
2773,1.74E+05
2774,1.50E+05
2775,1.09E+05
2776,1.44E+05
2777,1.56E+05
2778,1.00E+05
2779,1.23E+05
2780,9.59E+04
2781,9.70E+04
2782,1.01E+05
2783,1.01E+05
2784,1.21E+05
2785,1.38E+05
2786,6.49E+04
2787,1.25E+05
2788,7.54E+04
2789,1.62E+05
2790,9.45E+04
2791,1.09E+05
2792,5.66E+04
2793,1.44E+05
2794,1.01E+05
2795,1.21E+05
2796,9.96E+04
2797,2.15E+05
2798,1.06E+05
2799,1.11E+05
2800,7.17E+04
2801,1.09E+05
2802,1.26E+05
2803,1.70E+05
2804,1.26E+05
2805,9.77E+04
2806,8.31E+04
2807,1.67E+05
2808,1.45E+05
2809,1.28E+05
2810,1.23E+05
2811,1.60E+05
2812,1.67E+05
2813,1.56E+05
2814,1.59E+05
2815,9.69E+04
2816,2.29E+05
2817,1.58E+05
2818,1.32E+05
2819,1.72E+05
2820,1.38E+05
2821,1.00E+05
2822,1.78E+05
2823,3.10E+05
2824,1.64E+05
2825,1.42E+05
2826,1.33E+05
2827,1.33E+05
2828,2.19E+05
2829,2.22E+05
2830,2.24E+05
2831,1.72E+05
2832,2.43E+05
2833,3.11E+05
2834,2.25E+05
2835,2.27E+05
2836,1.87E+05
2837,1.57E+05
2838,1.53E+05
2839,1.73E+05
2840,2.06E+05
2841,2.01E+05
2842,2.32E+05
2843,1.49E+05
2844,1.78E+05
2845,1.29E+05
2846,2.05E+05
2847,2.17E+05
2848,2.15E+05
2849,1.95E+05
2850,2.68E+05
2851,2.10E+05
2852,2.37E+05
2853,2.34E+05
2854,1.35E+05
2855,2.01E+05
2856,1.98E+05
2857,1.88E+05
2858,2.04E+05
2859,1.02E+05
2860,1.32E+05
2861,1.26E+05
2862,1.77E+05
2863,1.29E+05
2864,2.48E+05
2865,1.45E+05
2866,1.36E+05
2867,1.01E+05
2868,9.28E+04
2869,9.56E+04
2870,1.15E+05
2871,8.19E+04
2872,5.47E+04
2873,9.70E+04
2874,1.41E+05
2875,1.19E+05
2876,1.58E+05
2877,1.51E+05
2878,1.61E+05
2879,1.37E+05
2880,1.07E+05
2881,1.43E+05
2882,1.91E+05
2883,2.03E+05
2884,1.82E+05
2885,1.86E+05
2886,2.41E+05
2887,1.02E+05
2888,1.47E+05
2889,6.00E+04
2890,8.10E+04
2891,1.41E+05
2892,3.94E+04
2893,6.47E+04
2894,4.85E+04
2895,3.56E+05
2896,2.83E+05
2897,2.14E+05
2898,1.38E+05
2899,2.03E+05
2900,1.59E+05
2901,2.07E+05
2902,1.68E+05
2903,3.24E+05
2904,3.43E+05
2905,8.24E+04
2906,1.92E+05
2907,1.09E+05
2908,1.27E+05
2909,1.43E+05
2910,7.42E+04
2911,7.93E+04
2912,1.50E+05
2913,7.80E+04
2914,7.78E+04
2915,8.60E+04
2916,8.10E+04
2917,1.72E+05
2918,1.19E+05
2919,2.18E+05
